"order_id","customer_id","status_id","order_date","required_date","shipped_date","store_id","staff_id","company_id"
1,259,4,"2016-01-01","2016-01-03","2016-01-03",1,2,4
2,1212,4,"2016-01-01","2016-01-04","2016-01-03",2,6,4
3,523,4,"2016-01-02","2016-01-05","2016-01-03",2,7,4
4,175,4,"2016-01-03","2016-01-04","2016-01-05",1,3,5
5,1324,4,"2016-01-03","2016-01-06","2016-01-06",2,6,4
6,94,4,"2016-01-04","2016-01-07","2016-01-05",2,6,3
7,324,4,"2016-01-04","2016-01-07","2016-01-05",2,6,4
8,1204,4,"2016-01-04","2016-01-05","2016-01-05",2,7,3
9,60,4,"2016-01-05","2016-01-08","2016-01-08",1,2,3
10,442,4,"2016-01-05","2016-01-06","2016-01-06",2,6,4
11,1326,4,"2016-01-05","2016-01-08","2016-01-07",2,7,3
12,91,4,"2016-01-06","2016-01-08","2016-01-09",1,2,5
13,873,4,"2016-01-08","2016-01-11","2016-01-11",2,6,4
14,258,4,"2016-01-09","2016-01-11","2016-01-12",1,3,3
15,450,4,"2016-01-09","2016-01-10","2016-01-12",2,7,4
16,552,4,"2016-01-12","2016-01-15","2016-01-15",1,3,3
17,1175,4,"2016-01-12","2016-01-14","2016-01-14",1,3,3
18,541,4,"2016-01-14","2016-01-17","2016-01-15",1,3,3
19,696,4,"2016-01-14","2016-01-17","2016-01-16",1,2,4
20,923,4,"2016-01-14","2016-01-16","2016-01-17",1,2,4
21,1250,4,"2016-01-15","2016-01-16","2016-01-18",2,6,3
22,1035,4,"2016-01-16","2016-01-18","2016-01-17",1,2,3
23,1149,4,"2016-01-16","2016-01-19","2016-01-19",1,2,3
24,636,4,"2016-01-18","2016-01-20","2016-01-19",2,7,4
25,657,4,"2016-01-18","2016-01-21","2016-01-21",2,6,4
26,1280,4,"2016-01-18","2016-01-21","2016-01-19",2,7,3
27,57,4,"2016-01-19","2016-01-21","2016-01-20",2,7,2
28,252,4,"2016-01-19","2016-01-20","2016-01-21",2,6,3
29,437,4,"2016-01-20","2016-01-22","2016-01-21",2,6,3
30,1348,4,"2016-01-20","2016-01-21","2016-01-21",2,6,3
31,1238,4,"2016-01-20","2016-01-22","2016-01-22",3,8,4
32,1259,4,"2016-01-21","2016-01-24","2016-01-22",1,3,3
33,236,4,"2016-01-21","2016-01-22","2016-01-22",2,6,1
34,80,4,"2016-01-22","2016-01-25","2016-01-23",2,6,2
35,813,4,"2016-01-22","2016-01-25","2016-01-24",2,7,3
36,1321,4,"2016-01-23","2016-01-24","2016-01-24",2,6,3
37,164,4,"2016-01-25","2016-01-28","2016-01-26",2,6,3
38,583,4,"2016-01-25","2016-01-27","2016-01-26",2,7,3
39,1296,4,"2016-01-25","2016-01-26","2016-01-26",2,7,4
40,348,4,"2016-01-27","2016-01-28","2016-01-29",1,3,3
41,979,4,"2016-01-27","2016-01-30","2016-01-29",2,6,1
42,1095,4,"2016-01-27","2016-01-28","2016-01-30",2,7,4
43,1434,4,"2016-01-27","2016-01-28","2016-01-30",2,7,3
44,861,4,"2016-01-28","2016-01-31","2016-01-30",2,7,5
45,1220,4,"2016-01-28","2016-01-31","2016-01-31",2,7,3
46,746,4,"2016-01-29","2016-01-31","2016-01-31",2,7,2
47,1234,4,"2016-01-29","2016-01-30","2016-01-31",2,7,3
48,1012,4,"2016-01-30","2016-02-01","2016-02-02",2,7,3
49,608,4,"2016-01-31","2016-02-01","2016-02-02",2,6,2
50,872,4,"2016-01-31","2016-02-03","2016-02-02",3,8,3
51,1047,4,"2016-02-01","2016-02-02","2016-02-03",2,7,2
52,767,4,"2016-02-03","2016-02-04","2016-02-05",1,2,3
53,965,4,"2016-02-03","2016-02-04","2016-02-05",2,6,2
54,535,4,"2016-02-04","2016-02-07","2016-02-07",2,7,4
55,1173,4,"2016-02-04","2016-02-07","2016-02-06",2,6,3
56,1241,4,"2016-02-04","2016-02-06","2016-02-07",2,6,3
57,1305,4,"2016-02-04","2016-02-06","2016-02-06",2,7,2
58,504,4,"2016-02-05","2016-02-07","2016-02-07",2,6,3
59,563,4,"2016-02-05","2016-02-07","2016-02-06",2,7,3
60,151,4,"2016-02-06","2016-02-08","2016-02-07",1,3,4
61,277,4,"2016-02-06","2016-02-09","2016-02-09",2,7,3
62,208,4,"2016-02-07","2016-02-10","2016-02-10",1,2,3
63,1075,4,"2016-02-07","2016-02-09","2016-02-09",2,7,3
64,1185,4,"2016-02-07","2016-02-08","2016-02-09",2,6,3
65,996,4,"2016-02-08","2016-02-09","2016-02-11",2,6,3
66,1253,4,"2016-02-09","2016-02-12","2016-02-12",2,7,1
67,526,4,"2016-02-09","2016-02-11","2016-02-10",3,8,3
68,381,4,"2016-02-10","2016-02-11","2016-02-13",2,6,3
69,1413,4,"2016-02-10","2016-02-12","2016-02-11",2,7,4
70,50,3,"2016-02-11","2016-02-11",NULL,3,9,NULL
71,797,4,"2016-02-11","2016-02-14","2016-02-12",2,7,4
72,1386,4,"2016-02-12","2016-02-15","2016-02-13",1,2,4
73,612,4,"2016-02-12","2016-02-15","2016-02-14",2,7,3
74,264,4,"2016-02-13","2016-02-15","2016-02-15",2,7,4
75,587,4,"2016-02-14","2016-02-15","2016-02-17",2,6,2
76,9,3,"2016-02-16","2016-02-16",NULL,2,6,NULL
77,385,4,"2016-02-16","2016-02-19","2016-02-19",1,2,4
78,1182,4,"2016-02-16","2016-02-18","2016-02-19",2,7,4
79,529,4,"2016-02-17","2016-02-20","2016-02-20",1,3,4
80,397,4,"2016-02-17","2016-02-20","2016-02-19",2,6,4
81,521,4,"2016-02-17","2016-02-19","2016-02-18",2,6,4
82,1223,4,"2016-02-18","2016-02-21","2016-02-20",2,6,3
83,393,4,"2016-02-19","2016-02-20","2016-02-20",1,3,4
84,317,4,"2016-02-20","2016-02-22","2016-02-21",2,7,1
85,1174,4,"2016-02-20","2016-02-23","2016-02-21",2,7,3
86,276,4,"2016-02-21","2016-02-22","2016-02-23",2,7,5
87,516,4,"2016-02-21","2016-02-22","2016-02-23",2,6,3
88,1069,4,"2016-02-21","2016-02-22","2016-02-23",2,6,3
89,668,4,"2016-02-21","2016-02-24","2016-02-24",3,8,3
90,414,4,"2016-02-23","2016-02-25","2016-02-24",2,7,1
91,648,4,"2016-02-25","2016-02-27","2016-02-28",1,2,5
92,1309,4,"2016-02-25","2016-02-28","2016-02-28",2,7,3
93,1328,4,"2016-02-26","2016-02-28","2016-02-27",1,3,5
94,929,4,"2016-02-27","2016-02-28","2016-02-29",1,2,2
95,218,4,"2016-02-27","2016-02-29","2016-02-28",2,7,4
96,1094,4,"2016-02-27","2016-02-29","2016-02-28",2,7,3
97,204,4,"2016-02-28","2016-02-29","2016-03-01",2,7,3
98,1194,4,"2016-02-28","2016-02-29","2016-02-29",2,6,3
99,1165,4,"2016-02-29","2016-03-01","2016-03-03",3,9,4
100,1237,4,"2016-03-01","2016-03-04","2016-03-03",2,7,2
101,271,4,"2016-03-01","2016-03-04","2016-03-04",3,8,2
102,336,4,"2016-03-02","2016-03-05","2016-03-03",2,7,4
103,991,4,"2016-03-03","2016-03-06","2016-03-05",1,2,4
104,7,4,"2016-03-03","2016-03-05","2016-03-05",2,7,1
105,306,4,"2016-03-03","2016-03-05","2016-03-04",2,7,2
106,422,4,"2016-03-04","2016-03-05","2016-03-05",3,9,3
107,633,4,"2016-03-06","2016-03-09","2016-03-09",1,2,3
108,12,4,"2016-03-06","2016-03-09","2016-03-07",2,6,2
109,1255,4,"2016-03-06","2016-03-09","2016-03-09",2,6,1
110,677,4,"2016-03-06","2016-03-08","2016-03-09",3,9,2
111,630,4,"2016-03-07","2016-03-10","2016-03-10",2,6,2
112,469,4,"2016-03-08","2016-03-11","2016-03-10",2,6,3
113,1078,4,"2016-03-08","2016-03-11","2016-03-11",2,6,5
114,1431,4,"2016-03-08","2016-03-10","2016-03-11",2,7,4
115,1369,4,"2016-03-09","2016-03-11","2016-03-11",2,7,2
116,471,4,"2016-03-10","2016-03-11","2016-03-11",2,7,1
117,740,4,"2016-03-10","2016-03-13","2016-03-11",2,6,2
118,577,4,"2016-03-12","2016-03-14","2016-03-13",1,2,2
119,925,4,"2016-03-12","2016-03-14","2016-03-14",2,7,3
120,327,4,"2016-03-14","2016-03-15","2016-03-17",2,7,3
121,755,4,"2016-03-14","2016-03-15","2016-03-16",2,6,2
122,786,4,"2016-03-14","2016-03-16","2016-03-15",2,6,3
123,766,4,"2016-03-15","2016-03-18","2016-03-17",2,6,4
124,403,4,"2016-03-16","2016-03-18","2016-03-17",1,3,2
125,685,4,"2016-03-16","2016-03-19","2016-03-17",2,6,4
126,1365,4,"2016-03-16","2016-03-18","2016-03-18",2,7,5
127,484,4,"2016-03-17","2016-03-18","2016-03-19",3,8,1
128,86,4,"2016-03-18","2016-03-20","2016-03-21",2,6,5
129,84,4,"2016-03-19","2016-03-21","2016-03-21",2,7,5
130,1049,4,"2016-03-19","2016-03-22","2016-03-20",2,6,4
131,316,4,"2016-03-19","2016-03-22","2016-03-20",3,8,4
132,46,4,"2016-03-20","2016-03-22","2016-03-23",1,3,4
133,409,4,"2016-03-20","2016-03-22","2016-03-21",2,7,3
134,679,4,"2016-03-20","2016-03-21","2016-03-21",2,7,4
135,1354,4,"2016-03-21","2016-03-23","2016-03-23",2,7,4
136,1192,4,"2016-03-21","2016-03-24","2016-03-23",3,8,2
137,370,4,"2016-03-23","2016-03-26","2016-03-25",2,7,4
138,438,4,"2016-03-23","2016-03-24","2016-03-25",2,7,4
139,710,4,"2016-03-23","2016-03-24","2016-03-26",2,7,4
140,1264,4,"2016-03-23","2016-03-26","2016-03-26",2,7,2
141,557,4,"2016-03-25","2016-03-27","2016-03-26",2,7,3
142,170,4,"2016-03-26","2016-03-27","2016-03-27",1,3,3
143,693,4,"2016-03-26","2016-03-28","2016-03-28",2,7,4
144,1124,4,"2016-03-26","2016-03-29","2016-03-29",2,7,2
145,366,4,"2016-03-27","2016-03-29","2016-03-30",2,6,1
146,288,4,"2016-03-28","2016-03-30","2016-03-30",1,3,5
147,55,4,"2016-03-28","2016-03-31","2016-03-31",2,7,3
148,714,4,"2016-03-28","2016-03-30","2016-03-30",2,6,3
149,763,4,"2016-03-28","2016-03-30","2016-03-29",2,6,4
150,332,4,"2016-03-29","2016-03-31","2016-04-01",1,2,4
151,926,4,"2016-03-29","2016-04-01","2016-03-31",1,2,5
152,76,4,"2016-03-29","2016-03-30","2016-03-30",2,6,2
153,498,4,"2016-03-30","2016-04-02","2016-04-01",2,6,3
154,1286,4,"2016-03-31","2016-04-01","2016-04-01",1,2,3
155,371,4,"2016-04-02","2016-04-03","2016-04-04",2,6,5
156,357,4,"2016-04-03","2016-04-06","2016-04-05",1,3,3
157,43,4,"2016-04-03","2016-04-06","2016-04-06",3,8,3
158,117,3,"2016-04-04","2016-04-04",NULL,3,9,NULL
159,32,4,"2016-04-04","2016-04-06","2016-04-06",1,2,4
160,205,4,"2016-04-04","2016-04-06","2016-04-06",2,7,3
161,251,4,"2016-04-04","2016-04-07","2016-04-05",2,7,3
162,31,4,"2016-04-06","2016-04-08","2016-04-07",1,3,1
163,1325,4,"2016-04-06","2016-04-07","2016-04-07",2,7,5
164,610,4,"2016-04-07","2016-04-08","2016-04-09",2,7,3
165,574,4,"2016-04-08","2016-04-10","2016-04-10",1,3,3
166,338,4,"2016-04-08","2016-04-11","2016-04-11",2,6,3
167,1034,4,"2016-04-08","2016-04-09","2016-04-11",2,7,4
168,1147,4,"2016-04-09","2016-04-12","2016-04-11",1,3,2
169,99,4,"2016-04-10","2016-04-11","2016-04-11",2,7,5
170,1200,4,"2016-04-10","2016-04-11","2016-04-13",2,7,3
171,237,4,"2016-04-11","2016-04-14","2016-04-14",1,3,3
172,1079,4,"2016-04-11","2016-04-12","2016-04-14",2,7,4
173,117,4,"2016-04-11","2016-04-14","2016-04-13",3,8,1
174,1361,4,"2016-04-12","2016-04-13","2016-04-15",2,7,3
175,951,4,"2016-04-13","2016-04-14","2016-04-14",2,6,3
176,643,4,"2016-04-15","2016-04-16","2016-04-17",2,7,2
177,121,4,"2016-04-16","2016-04-19","2016-04-19",1,2,2
178,756,4,"2016-04-16","2016-04-17","2016-04-18",2,6,4
179,616,4,"2016-04-17","2016-04-19","2016-04-19",2,6,4
180,918,4,"2016-04-17","2016-04-20","2016-04-19",2,7,4
181,459,4,"2016-04-18","2016-04-20","2016-04-20",1,3,2
182,854,4,"2016-04-18","2016-04-19","2016-04-20",2,6,2
183,22,4,"2016-04-19","2016-04-20","2016-04-20",2,7,2
184,134,4,"2016-04-19","2016-04-21","2016-04-22",2,7,3
185,24,3,"2016-04-20","2016-04-20",NULL,1,2,NULL
186,1127,4,"2016-04-21","2016-04-22","2016-04-24",2,6,2
187,183,4,"2016-04-22","2016-04-23","2016-04-24",2,6,4
188,390,4,"2016-04-22","2016-04-23","2016-04-25",2,6,3
189,1288,4,"2016-04-23","2016-04-24","2016-04-26",1,2,2
190,98,4,"2016-04-23","2016-04-25","2016-04-25",2,6,1
191,919,4,"2016-04-27","2016-04-28","2016-04-28",1,2,2
192,728,4,"2016-04-27","2016-04-28","2016-04-29",2,7,3
193,1366,4,"2016-04-28","2016-04-30","2016-04-30",1,3,3
194,558,4,"2016-04-28","2016-04-30","2016-05-01",2,7,2
195,727,4,"2016-04-28","2016-05-01","2016-05-01",2,7,3
196,1247,4,"2016-04-28","2016-04-30","2016-05-01",2,6,2
197,127,4,"2016-04-30","2016-05-03","2016-05-03",2,7,4
198,640,4,"2016-05-01","2016-05-04","2016-05-03",2,6,1
199,760,4,"2016-05-01","2016-05-04","2016-05-04",2,7,2
200,1074,4,"2016-05-01","2016-05-03","2016-05-03",2,6,3
201,280,4,"2016-05-01","2016-05-04","2016-05-02",3,9,3
202,600,4,"2016-05-03","2016-05-05","2016-05-04",1,2,3
203,1102,4,"2016-05-03","2016-05-05","2016-05-06",3,9,5
204,591,4,"2016-05-04","2016-05-07","2016-05-06",2,7,3
205,635,4,"2016-05-04","2016-05-05","2016-05-06",2,6,4
206,743,4,"2016-05-04","2016-05-06","2016-05-05",3,9,2
207,105,4,"2016-05-05","2016-05-07","2016-05-07",2,7,5
208,815,4,"2016-05-06","2016-05-07","2016-05-09",2,7,3
209,514,4,"2016-05-07","2016-05-08","2016-05-08",2,6,4
210,943,4,"2016-05-07","2016-05-08","2016-05-09",2,6,4
211,1140,4,"2016-05-07","2016-05-09","2016-05-08",2,6,3
212,1373,4,"2016-05-08","2016-05-09","2016-05-11",2,6,3
213,788,4,"2016-05-08","2016-05-09","2016-05-09",3,8,3
214,363,4,"2016-05-10","2016-05-12","2016-05-11",2,6,3
215,1420,4,"2016-05-10","2016-05-13","2016-05-12",2,7,3
216,267,4,"2016-05-11","2016-05-14","2016-05-13",1,3,2
217,716,4,"2016-05-11","2016-05-12","2016-05-14",2,7,4
218,1179,4,"2016-05-12","2016-05-14","2016-05-14",2,7,2
219,1338,4,"2016-05-12","2016-05-15","2016-05-15",2,6,2
220,1358,4,"2016-05-12","2016-05-14","2016-05-15",2,6,3
221,1218,4,"2016-05-13","2016-05-16","2016-05-14",1,2,5
222,51,4,"2016-05-13","2016-05-16","2016-05-14",2,6,3
223,1368,4,"2016-05-15","2016-05-16","2016-05-17",2,7,4
224,157,4,"2016-05-17","2016-05-18","2016-05-19",1,3,4
225,307,4,"2016-05-17","2016-05-20","2016-05-19",1,3,1
226,501,4,"2016-05-17","2016-05-19","2016-05-20",1,2,2
227,489,4,"2016-05-17","2016-05-18","2016-05-20",2,7,4
228,615,4,"2016-05-17","2016-05-20","2016-05-20",2,7,4
229,742,4,"2016-05-19","2016-05-21","2016-05-20",2,6,2
230,1167,4,"2016-05-19","2016-05-20","2016-05-21",2,6,5
231,1257,4,"2016-05-19","2016-05-22","2016-05-21",2,6,3
232,1360,4,"2016-05-20","2016-05-23","2016-05-23",1,3,1
233,737,4,"2016-05-21","2016-05-22","2016-05-24",2,6,4
234,1435,4,"2016-05-22","2016-05-24","2016-05-24",2,6,3
235,649,4,"2016-05-24","2016-05-25","2016-05-25",2,6,3
236,206,4,"2016-05-25","2016-05-27","2016-05-26",2,6,4
237,1351,4,"2016-05-25","2016-05-26","2016-05-27",2,7,2
238,1350,4,"2016-05-26","2016-05-29","2016-05-29",2,6,2
239,13,3,"2016-05-27","2016-05-27",NULL,3,9,NULL
240,65,4,"2016-05-27","2016-05-29","2016-05-30",2,6,5
241,1082,4,"2016-05-27","2016-05-29","2016-05-29",2,7,2
242,1168,4,"2016-05-27","2016-05-30","2016-05-30",2,7,2
243,802,4,"2016-05-27","2016-05-30","2016-05-28",3,8,3
244,956,4,"2016-05-28","2016-05-29","2016-05-29",2,6,3
245,223,4,"2016-05-29","2016-05-31","2016-05-30",2,7,4
246,17,3,"2016-05-30","2016-05-30",NULL,2,6,NULL
247,928,4,"2016-05-30","2016-06-01","2016-06-01",1,3,4
248,1376,4,"2016-05-30","2016-06-01","2016-05-31",2,7,4
249,145,4,"2016-06-01","2016-06-04","2016-06-04",2,6,4
250,150,4,"2016-06-01","2016-06-02","2016-06-04",2,7,2
251,851,4,"2016-06-01","2016-06-04","2016-06-04",2,7,4
252,66,4,"2016-06-01","2016-06-04","2016-06-02",3,8,3
253,1267,4,"2016-06-02","2016-06-05","2016-06-05",2,6,4
254,510,4,"2016-06-03","2016-06-06","2016-06-05",2,7,3
255,801,4,"2016-06-03","2016-06-06","2016-06-05",2,7,3
256,26,4,"2016-06-04","2016-06-05","2016-06-07",2,7,2
257,1314,4,"2016-06-05","2016-06-06","2016-06-08",1,3,3
258,107,4,"2016-06-06","2016-06-07","2016-06-07",2,7,1
259,413,4,"2016-06-06","2016-06-09","2016-06-09",2,7,4
260,632,4,"2016-06-06","2016-06-08","2016-06-08",2,6,3
261,1045,4,"2016-06-08","2016-06-10","2016-06-09",1,2,3
262,579,4,"2016-06-08","2016-06-11","2016-06-10",3,9,2
263,1322,4,"2016-06-09","2016-06-10","2016-06-12",2,6,3
264,5,3,"2016-06-10","2016-06-10",NULL,1,3,NULL
265,682,4,"2016-06-10","2016-06-12","2016-06-11",2,7,1
266,933,4,"2016-06-10","2016-06-13","2016-06-13",2,7,3
267,282,4,"2016-06-11","2016-06-14","2016-06-14",1,3,2
268,540,4,"2016-06-11","2016-06-14","2016-06-12",1,3,4
269,764,4,"2016-06-12","2016-06-13","2016-06-15",2,6,3
270,879,4,"2016-06-12","2016-06-15","2016-06-13",2,7,3
271,350,4,"2016-06-13","2016-06-16","2016-06-14",2,7,3
272,497,4,"2016-06-15","2016-06-18","2016-06-16",2,7,4
273,1340,4,"2016-06-16","2016-06-19","2016-06-17",2,7,4
274,411,4,"2016-06-17","2016-06-20","2016-06-18",2,7,2
275,1341,4,"2016-06-17","2016-06-19","2016-06-18",2,7,3
276,1227,4,"2016-06-18","2016-06-19","2016-06-19",2,6,3
277,546,4,"2016-06-19","2016-06-20","2016-06-20",2,7,3
278,1301,4,"2016-06-20","2016-06-23","2016-06-21",1,3,1
279,378,4,"2016-06-21","2016-06-22","2016-06-22",2,6,5
280,638,4,"2016-06-21","2016-06-22","2016-06-23",2,7,3
281,800,4,"2016-06-21","2016-06-22","2016-06-23",2,7,3
282,159,4,"2016-06-22","2016-06-25","2016-06-25",3,9,2
283,181,4,"2016-06-23","2016-06-26","2016-06-26",1,2,2
284,1356,4,"2016-06-23","2016-06-25","2016-06-25",2,7,4
285,319,4,"2016-06-25","2016-06-26","2016-06-27",1,2,3
286,59,4,"2016-06-25","2016-06-26","2016-06-26",2,6,3
287,133,4,"2016-06-25","2016-06-26","2016-06-27",2,6,4
288,780,4,"2016-06-25","2016-06-28","2016-06-28",2,6,3
289,849,4,"2016-06-27","2016-06-28","2016-06-30",2,6,3
290,202,4,"2016-06-28","2016-06-29","2016-06-30",2,6,2
291,158,4,"2016-06-29","2016-06-30","2016-07-01",2,6,3
292,360,4,"2016-06-29","2016-06-30","2016-07-02",3,9,4
293,573,4,"2016-06-30","2016-07-03","2016-07-02",2,7,5
294,732,4,"2016-07-01","2016-07-02","2016-07-02",2,7,5
295,1130,4,"2016-07-01","2016-07-04","2016-07-04",2,7,2
296,1245,4,"2016-07-04","2016-07-07","2016-07-06",2,6,2
297,1425,4,"2016-07-04","2016-07-05","2016-07-06",2,7,1
298,885,4,"2016-07-04","2016-07-07","2016-07-07",3,9,3
299,281,4,"2016-07-05","2016-07-06","2016-07-07",2,6,3
300,1205,4,"2016-07-05","2016-07-08","2016-07-08",2,6,3
301,17,4,"2016-07-06","2016-07-09","2016-07-08",2,6,4
302,1375,4,"2016-07-06","2016-07-07","2016-07-09",2,6,4
303,36,4,"2016-07-07","2016-07-08","2016-07-09",2,7,2
304,230,4,"2016-07-07","2016-07-08","2016-07-08",2,6,4
305,705,4,"2016-07-07","2016-07-08","2016-07-08",2,7,3
306,424,4,"2016-07-09","2016-07-10","2016-07-12",2,7,2
307,695,4,"2016-07-09","2016-07-11","2016-07-11",2,6,4
308,156,4,"2016-07-11","2016-07-12","2016-07-14",2,6,3
309,211,4,"2016-07-11","2016-07-13","2016-07-13",2,6,3
310,627,4,"2016-07-12","2016-07-13","2016-07-13",1,2,4
311,1400,4,"2016-07-12","2016-07-14","2016-07-13",2,6,5
312,299,4,"2016-07-13","2016-07-15","2016-07-16",2,6,4
313,565,4,"2016-07-14","2016-07-15","2016-07-15",3,9,3
314,1019,4,"2016-07-15","2016-07-17","2016-07-17",2,7,2
315,1263,4,"2016-07-16","2016-07-19","2016-07-17",2,6,3
316,670,4,"2016-07-17","2016-07-20","2016-07-19",2,7,3
317,795,4,"2016-07-17","2016-07-20","2016-07-19",2,7,2
318,1141,4,"2016-07-17","2016-07-19","2016-07-20",2,7,2
319,941,4,"2016-07-18","2016-07-21","2016-07-21",2,6,2
320,1428,4,"2016-07-19","2016-07-20","2016-07-21",1,2,3
321,568,4,"2016-07-19","2016-07-22","2016-07-21",2,6,5
322,924,4,"2016-07-19","2016-07-22","2016-07-20",2,6,2
323,1243,4,"2016-07-19","2016-07-22","2016-07-21",2,6,2
324,480,4,"2016-07-20","2016-07-22","2016-07-23",2,6,3
325,848,4,"2016-07-20","2016-07-21","2016-07-21",2,6,3
326,1337,4,"2016-07-20","2016-07-21","2016-07-22",3,9,4
327,83,4,"2016-07-21","2016-07-24","2016-07-22",2,6,3
328,528,4,"2016-07-23","2016-07-26","2016-07-25",2,6,2
329,274,4,"2016-07-24","2016-07-27","2016-07-26",2,6,3
330,622,4,"2016-07-24","2016-07-27","2016-07-27",2,6,3
331,642,4,"2016-07-24","2016-07-26","2016-07-25",2,6,3
332,659,4,"2016-07-24","2016-07-26","2016-07-26",2,7,2
333,779,4,"2016-07-25","2016-07-27","2016-07-26",2,6,4
334,1112,4,"2016-07-25","2016-07-28","2016-07-27",2,7,3
335,1193,4,"2016-07-25","2016-07-27","2016-07-26",2,6,2
336,1030,4,"2016-07-26","2016-07-29","2016-07-27",2,7,4
337,1252,4,"2016-07-26","2016-07-27","2016-07-28",2,7,2
338,1333,4,"2016-07-28","2016-07-29","2016-07-30",1,3,3
339,1110,4,"2016-07-28","2016-07-31","2016-07-29",2,7,2
340,963,4,"2016-07-29","2016-07-30","2016-07-31",2,7,3
341,1357,4,"2016-07-31","2016-08-03","2016-08-01",1,3,4
342,806,4,"2016-07-31","2016-08-01","2016-08-03",2,7,2
343,961,4,"2016-07-31","2016-08-02","2016-08-01",2,7,3
344,750,4,"2016-08-01","2016-08-03","2016-08-02",2,6,4
345,1299,4,"2016-08-01","2016-08-04","2016-08-03",2,6,2
346,584,4,"2016-08-01","2016-08-03","2016-08-02",3,9,3
347,1004,4,"2016-08-02","2016-08-03","2016-08-05",2,6,2
348,907,4,"2016-08-02","2016-08-05","2016-08-04",3,9,4
349,30,3,"2016-08-03","2016-08-03",NULL,1,3,NULL
350,31,3,"2016-08-03","2016-08-03",NULL,1,3,NULL
351,1307,4,"2016-08-03","2016-08-06","2016-08-04",1,2,4
352,16,4,"2016-08-03","2016-08-04","2016-08-06",2,7,4
353,1387,4,"2016-08-03","2016-08-06","2016-08-06",2,7,4
354,551,4,"2016-08-03","2016-08-05","2016-08-06",3,8,3
355,1011,4,"2016-08-03","2016-08-05","2016-08-05",3,8,4
356,1189,4,"2016-08-04","2016-08-07","2016-08-06",2,6,4
357,14,3,"2016-08-05","2016-08-05",NULL,3,8,NULL
358,1042,4,"2016-08-05","2016-08-07","2016-08-07",2,7,3
359,441,4,"2016-08-07","2016-08-10","2016-08-10",2,7,2
360,1300,4,"2016-08-07","2016-08-09","2016-08-10",2,6,2
361,994,4,"2016-08-08","2016-08-09","2016-08-11",2,6,1
362,187,4,"2016-08-09","2016-08-11","2016-08-11",1,2,3
363,834,4,"2016-08-11","2016-08-12","2016-08-13",3,8,1
364,373,4,"2016-08-12","2016-08-14","2016-08-13",2,6,2
365,981,4,"2016-08-13","2016-08-14","2016-08-15",2,6,2
366,1054,4,"2016-08-13","2016-08-14","2016-08-14",3,9,4
367,527,4,"2016-08-14","2016-08-15","2016-08-15",2,7,3
368,995,4,"2016-08-14","2016-08-15","2016-08-17",2,7,3
369,1285,4,"2016-08-15","2016-08-18","2016-08-18",1,3,5
370,758,4,"2016-08-15","2016-08-18","2016-08-18",2,7,3
371,891,4,"2016-08-15","2016-08-16","2016-08-18",2,7,4
372,132,4,"2016-08-16","2016-08-18","2016-08-18",2,6,2
373,337,4,"2016-08-16","2016-08-19","2016-08-17",2,7,4
374,1313,4,"2016-08-17","2016-08-19","2016-08-18",1,2,3
375,536,4,"2016-08-17","2016-08-20","2016-08-20",2,7,5
376,825,4,"2016-08-17","2016-08-19","2016-08-18",2,6,3
377,1355,4,"2016-08-17","2016-08-19","2016-08-20",2,6,2
378,475,4,"2016-08-17","2016-08-20","2016-08-20",3,9,2
379,954,4,"2016-08-18","2016-08-21","2016-08-21",2,7,2
380,1156,4,"2016-08-19","2016-08-20","2016-08-21",2,7,3
381,1297,4,"2016-08-19","2016-08-21","2016-08-21",2,7,4
382,199,4,"2016-08-20","2016-08-23","2016-08-23",2,6,3
383,331,4,"2016-08-20","2016-08-23","2016-08-22",2,7,4
384,410,4,"2016-08-20","2016-08-22","2016-08-23",2,7,2
385,1274,4,"2016-08-20","2016-08-23","2016-08-22",2,7,3
386,1362,4,"2016-08-20","2016-08-23","2016-08-23",2,6,3
387,451,4,"2016-08-20","2016-08-21","2016-08-21",3,8,2
388,1080,4,"2016-08-21","2016-08-24","2016-08-23",3,8,3
389,53,4,"2016-08-22","2016-08-24","2016-08-25",1,3,2
390,576,4,"2016-08-22","2016-08-24","2016-08-25",3,9,1
391,61,3,"2016-08-23","2016-08-23",NULL,3,9,NULL
392,176,4,"2016-08-23","2016-08-26","2016-08-24",1,3,2
393,368,4,"2016-08-25","2016-08-26","2016-08-27",2,6,3
394,522,4,"2016-08-26","2016-08-28","2016-08-29",1,3,2
395,144,4,"2016-08-26","2016-08-27","2016-08-29",2,6,2
396,542,4,"2016-08-27","2016-08-30","2016-08-29",2,6,3
397,1437,4,"2016-08-28","2016-08-31","2016-08-29",2,7,3
398,447,4,"2016-08-29","2016-08-30","2016-09-01",1,2,5
399,1001,4,"2016-08-29","2016-09-01","2016-09-01",2,7,3
400,1295,4,"2016-08-29","2016-08-30","2016-08-31",2,6,2
401,103,4,"2016-08-30","2016-09-02","2016-09-01",2,6,2
402,1335,4,"2016-08-30","2016-09-01","2016-08-31",2,6,4
403,578,4,"2016-08-31","2016-09-01","2016-09-02",1,3,3
404,396,4,"2016-08-31","2016-09-03","2016-09-01",2,7,2
405,603,4,"2016-08-31","2016-09-01","2016-09-01",2,6,1
406,1380,4,"2016-08-31","2016-09-02","2016-09-01",2,7,3
407,77,3,"2016-09-01","2016-09-01",NULL,3,8,NULL
408,1071,4,"2016-09-01","2016-09-02","2016-09-02",1,2,2
409,416,4,"2016-09-01","2016-09-04","2016-09-04",2,7,2
410,1151,4,"2016-09-01","2016-09-03","2016-09-02",2,6,2
411,261,4,"2016-09-02","2016-09-04","2016-09-04",1,3,2
412,1202,4,"2016-09-02","2016-09-04","2016-09-04",1,3,4
413,717,4,"2016-09-02","2016-09-05","2016-09-03",2,6,3
414,917,4,"2016-09-03","2016-09-06","2016-09-06",2,7,2
415,1265,4,"2016-09-03","2016-09-06","2016-09-06",2,7,5
416,1377,4,"2016-09-03","2016-09-04","2016-09-06",2,7,1
417,359,4,"2016-09-04","2016-09-05","2016-09-06",1,3,4
418,88,4,"2016-09-04","2016-09-05","2016-09-05",2,6,2
419,14,4,"2016-09-04","2016-09-07","2016-09-06",3,8,5
420,72,4,"2016-09-05","2016-09-06","2016-09-07",1,3,3
421,240,4,"2016-09-05","2016-09-06","2016-09-08",1,3,3
422,398,4,"2016-09-06","2016-09-07","2016-09-09",2,6,3
423,1397,4,"2016-09-06","2016-09-09","2016-09-09",2,7,3
424,67,4,"2016-09-08","2016-09-11","2016-09-11",1,3,3
425,843,4,"2016-09-08","2016-09-11","2016-09-11",2,6,5
426,944,4,"2016-09-08","2016-09-10","2016-09-10",2,6,3
427,434,4,"2016-09-09","2016-09-10","2016-09-11",1,2,2
428,1039,4,"2016-09-09","2016-09-12","2016-09-10",2,6,3
429,153,4,"2016-09-10","2016-09-12","2016-09-12",3,8,2
430,272,4,"2016-09-11","2016-09-13","2016-09-12",2,6,3
431,1217,4,"2016-09-11","2016-09-12","2016-09-12",2,6,2
432,169,4,"2016-09-12","2016-09-15","2016-09-14",1,2,5
433,1062,4,"2016-09-12","2016-09-15","2016-09-13",2,6,3
434,726,4,"2016-09-13","2016-09-15","2016-09-14",2,6,5
435,77,4,"2016-09-14","2016-09-15","2016-09-16",3,9,4
436,791,4,"2016-09-16","2016-09-19","2016-09-19",2,7,4
437,1085,4,"2016-09-16","2016-09-18","2016-09-18",2,7,2
438,314,4,"2016-09-16","2016-09-19","2016-09-18",3,8,3
439,149,4,"2016-09-17","2016-09-20","2016-09-18",2,6,2
440,882,4,"2016-09-17","2016-09-18","2016-09-19",2,7,3
441,704,4,"2016-09-18","2016-09-19","2016-09-19",1,2,3
442,667,4,"2016-09-18","2016-09-21","2016-09-21",2,7,3
443,1371,4,"2016-09-18","2016-09-19","2016-09-20",2,6,3
444,30,4,"2016-09-19","2016-09-20","2016-09-21",1,2,2
445,362,4,"2016-09-19","2016-09-22","2016-09-22",2,6,3
446,399,4,"2016-09-19","2016-09-21","2016-09-20",2,7,3
447,808,4,"2016-09-20","2016-09-23","2016-09-22",3,8,3
448,101,4,"2016-09-21","2016-09-22","2016-09-24",2,6,3
449,492,4,"2016-09-21","2016-09-24","2016-09-22",2,7,2
450,575,4,"2016-09-21","2016-09-24","2016-09-23",2,7,1
451,1146,4,"2016-09-21","2016-09-23","2016-09-22",2,7,3
452,997,4,"2016-09-22","2016-09-23","2016-09-24",2,7,2
453,1028,4,"2016-09-22","2016-09-24","2016-09-25",2,7,4
454,988,4,"2016-09-23","2016-09-25","2016-09-26",2,6,2
455,1055,4,"2016-09-23","2016-09-24","2016-09-24",2,7,4
456,1061,4,"2016-09-23","2016-09-26","2016-09-25",3,9,3
457,1349,4,"2016-09-24","2016-09-27","2016-09-27",1,3,1
458,197,4,"2016-09-25","2016-09-28","2016-09-26",2,6,2
459,874,4,"2016-09-25","2016-09-28","2016-09-26",2,6,2
460,691,4,"2016-09-25","2016-09-27","2016-09-26",3,8,4
461,853,4,"2016-09-26","2016-09-27","2016-09-27",2,7,2
462,852,4,"2016-09-27","2016-09-28","2016-09-29",2,6,4
463,964,4,"2016-09-27","2016-09-28","2016-09-28",3,8,3
464,74,4,"2016-09-28","2016-09-30","2016-09-29",2,7,3
465,1198,4,"2016-09-28","2016-10-01","2016-10-01",2,6,4
466,1440,4,"2016-09-28","2016-09-29","2016-10-01",2,7,3
467,555,4,"2016-09-28","2016-09-30","2016-09-30",3,8,3
468,1261,4,"2016-09-29","2016-10-02","2016-09-30",1,3,4
469,1089,4,"2016-09-29","2016-10-02","2016-10-02",2,7,4
470,641,4,"2016-09-30","2016-10-02","2016-10-02",1,3,2
471,697,4,"2016-09-30","2016-10-02","2016-10-01",1,3,4
472,468,4,"2016-09-30","2016-10-01","2016-10-01",2,7,2
473,549,4,"2016-09-30","2016-10-02","2016-10-03",2,7,3
474,553,4,"2016-10-01","2016-10-04","2016-10-04",1,3,3
475,241,4,"2016-10-01","2016-10-04","2016-10-03",2,7,3
476,559,4,"2016-10-01","2016-10-04","2016-10-02",2,6,4
477,449,4,"2016-10-02","2016-10-05","2016-10-04",1,2,4
478,304,4,"2016-10-02","2016-10-05","2016-10-03",2,7,1
479,984,4,"2016-10-03","2016-10-04","2016-10-04",2,6,2
480,686,4,"2016-10-04","2016-10-07","2016-10-05",1,3,4
481,481,4,"2016-10-04","2016-10-07","2016-10-06",3,9,3
482,513,4,"2016-10-05","2016-10-06","2016-10-06",2,6,2
483,703,4,"2016-10-06","2016-10-07","2016-10-09",1,2,2
484,421,4,"2016-10-06","2016-10-09","2016-10-07",2,7,3
485,465,4,"2016-10-06","2016-10-08","2016-10-07",2,7,5
486,709,4,"2016-10-06","2016-10-08","2016-10-09",2,7,5
487,827,4,"2016-10-06","2016-10-09","2016-10-09",2,6,2
488,921,4,"2016-10-06","2016-10-09","2016-10-08",2,6,4
489,899,4,"2016-10-06","2016-10-08","2016-10-08",3,8,4
490,876,4,"2016-10-07","2016-10-10","2016-10-09",2,6,3
491,1048,4,"2016-10-08","2016-10-10","2016-10-11",1,2,3
492,191,4,"2016-10-09","2016-10-10","2016-10-12",1,2,2
493,796,4,"2016-10-09","2016-10-12","2016-10-11",1,3,4
494,875,4,"2016-10-09","2016-10-10","2016-10-11",2,6,1
495,712,4,"2016-10-10","2016-10-12","2016-10-13",1,3,2
496,193,4,"2016-10-10","2016-10-12","2016-10-11",2,6,3
497,785,4,"2016-10-10","2016-10-11","2016-10-11",2,6,4
498,1331,4,"2016-10-10","2016-10-12","2016-10-11",2,6,2
499,260,4,"2016-10-11","2016-10-14","2016-10-13",1,2,3
500,148,4,"2016-10-11","2016-10-12","2016-10-13",2,6,3
501,977,4,"2016-10-11","2016-10-12","2016-10-13",2,7,3
502,401,4,"2016-10-12","2016-10-13","2016-10-13",3,9,3
503,932,4,"2016-10-13","2016-10-16","2016-10-14",2,6,2
504,1381,4,"2016-10-14","2016-10-15","2016-10-15",1,2,3
505,721,4,"2016-10-14","2016-10-16","2016-10-17",2,6,4
506,831,4,"2016-10-14","2016-10-16","2016-10-16",2,6,1
507,1378,4,"2016-10-15","2016-10-17","2016-10-17",1,3,3
508,1359,4,"2016-10-15","2016-10-18","2016-10-18",2,6,2
509,235,4,"2016-10-16","2016-10-17","2016-10-17",2,7,4
510,586,4,"2016-10-17","2016-10-18","2016-10-18",2,7,3
511,377,4,"2016-10-18","2016-10-20","2016-10-19",2,7,2
512,8,4,"2016-10-19","2016-10-22","2016-10-20",2,7,3
513,155,4,"2016-10-19","2016-10-21","2016-10-21",2,6,4
514,927,4,"2016-10-19","2016-10-21","2016-10-20",2,7,2
515,986,4,"2016-10-19","2016-10-20","2016-10-22",2,6,3
516,111,4,"2016-10-21","2016-10-23","2016-10-24",2,6,3
517,613,4,"2016-10-21","2016-10-22","2016-10-24",2,6,4
518,1374,4,"2016-10-22","2016-10-24","2016-10-25",1,2,2
519,54,4,"2016-10-22","2016-10-23","2016-10-24",2,7,3
520,639,4,"2016-10-23","2016-10-26","2016-10-24",2,7,3
521,664,4,"2016-10-23","2016-10-25","2016-10-25",2,6,3
522,724,4,"2016-10-23","2016-10-24","2016-10-24",2,7,3
523,1056,4,"2016-10-24","2016-10-26","2016-10-27",2,6,3
524,569,4,"2016-10-25","2016-10-26","2016-10-27",1,2,2
525,1315,4,"2016-10-26","2016-10-28","2016-10-29",1,3,4
526,1096,4,"2016-10-26","2016-10-28","2016-10-28",2,6,5
527,506,4,"2016-10-27","2016-10-29","2016-10-28",1,2,2
528,676,4,"2016-10-28","2016-10-31","2016-10-31",2,7,3
529,753,4,"2016-10-28","2016-10-30","2016-10-31",2,7,2
530,773,4,"2016-10-28","2016-10-31","2016-10-31",2,6,2
531,116,4,"2016-10-28","2016-10-29","2016-10-30",3,8,5
532,817,4,"2016-10-29","2016-10-31","2016-10-30",2,7,1
533,1334,4,"2016-10-29","2016-11-01","2016-11-01",2,6,2
534,1406,4,"2016-10-29","2016-10-30","2016-10-31",2,7,2
535,835,4,"2016-10-29","2016-10-31","2016-11-01",3,9,1
536,759,4,"2016-10-31","2016-11-02","2016-11-01",1,3,1
537,1353,4,"2016-10-31","2016-11-01","2016-11-03",1,2,2
538,341,4,"2016-11-02","2016-11-05","2016-11-05",2,6,4
539,1144,4,"2016-11-02","2016-11-04","2016-11-03",2,7,2
540,1429,4,"2016-11-03","2016-11-05","2016-11-06",1,3,3
541,1228,4,"2016-11-04","2016-11-07","2016-11-07",1,3,2
542,313,4,"2016-11-04","2016-11-06","2016-11-05",2,7,4
543,62,4,"2016-11-06","2016-11-09","2016-11-08",2,6,4
544,321,4,"2016-11-06","2016-11-07","2016-11-08",2,7,3
545,1108,4,"2016-11-08","2016-11-10","2016-11-09",3,9,4
546,470,4,"2016-11-09","2016-11-12","2016-11-10",2,7,2
547,20,4,"2016-11-09","2016-11-11","2016-11-10",3,8,1
548,739,4,"2016-11-11","2016-11-13","2016-11-13",2,7,3
549,64,3,"2016-11-12","2016-11-12",NULL,3,9,NULL
550,892,4,"2016-11-12","2016-11-14","2016-11-15",2,7,4
551,1169,4,"2016-11-12","2016-11-13","2016-11-13",2,6,3
552,1282,4,"2016-11-12","2016-11-15","2016-11-13",2,7,4
553,913,4,"2016-11-12","2016-11-13","2016-11-15",3,9,4
554,104,4,"2016-11-13","2016-11-14","2016-11-16",1,3,3
555,212,4,"2016-11-13","2016-11-14","2016-11-16",2,7,2
556,61,4,"2016-11-13","2016-11-14","2016-11-15",3,9,3
557,1248,4,"2016-11-14","2016-11-17","2016-11-15",2,6,3
558,1443,4,"2016-11-15","2016-11-16","2016-11-17",2,7,4
559,959,4,"2016-11-16","2016-11-17","2016-11-17",1,2,3
560,1405,4,"2016-11-18","2016-11-19","2016-11-21",2,6,4
561,90,4,"2016-11-19","2016-11-22","2016-11-22",2,6,3
562,942,4,"2016-11-19","2016-11-20","2016-11-22",2,7,4
563,365,4,"2016-11-20","2016-11-22","2016-11-21",2,6,2
564,1058,4,"2016-11-20","2016-11-23","2016-11-22",2,7,4
565,894,4,"2016-11-21","2016-11-22","2016-11-22",2,7,2
566,298,4,"2016-11-22","2016-11-25","2016-11-23",1,3,3
567,1430,4,"2016-11-22","2016-11-23","2016-11-23",1,2,1
568,1275,4,"2016-11-23","2016-11-25","2016-11-24",1,3,4
569,707,4,"2016-11-23","2016-11-24","2016-11-25",2,6,3
570,989,4,"2016-11-23","2016-11-24","2016-11-25",2,6,4
571,5,4,"2016-11-24","2016-11-25","2016-11-27",1,2,3
572,178,4,"2016-11-24","2016-11-26","2016-11-26",2,6,1
573,423,4,"2016-11-24","2016-11-26","2016-11-27",2,6,4
574,833,4,"2016-11-26","2016-11-27","2016-11-29",2,7,4
575,33,4,"2016-11-27","2016-11-28","2016-11-30",1,3,3
576,1272,4,"2016-11-27","2016-11-30","2016-11-28",1,3,3
577,445,4,"2016-11-27","2016-11-30","2016-11-29",2,6,3
578,819,4,"2016-11-27","2016-11-28","2016-11-29",2,7,4
579,160,4,"2016-11-27","2016-11-30","2016-11-29",3,8,3
580,581,4,"2016-11-30","2016-12-02","2016-12-02",1,3,1
581,688,4,"2016-12-03","2016-12-05","2016-12-06",1,3,4
582,32,3,"2016-12-04","2016-12-04",NULL,1,2,NULL
583,792,4,"2016-12-04","2016-12-05","2016-12-07",2,7,1
584,1209,4,"2016-12-04","2016-12-05","2016-12-05",2,7,3
585,1219,4,"2016-12-04","2016-12-05","2016-12-05",2,7,4
586,1306,4,"2016-12-04","2016-12-06","2016-12-05",2,6,1
587,487,4,"2016-12-06","2016-12-08","2016-12-08",1,2,3
588,102,4,"2016-12-06","2016-12-07","2016-12-07",2,7,3
589,719,4,"2016-12-06","2016-12-07","2016-12-07",2,7,4
590,990,4,"2016-12-06","2016-12-09","2016-12-07",2,7,2
591,1211,4,"2016-12-06","2016-12-09","2016-12-09",2,7,2
592,1232,4,"2016-12-06","2016-12-08","2016-12-08",2,7,4
593,50,4,"2016-12-07","2016-12-10","2016-12-08",3,8,2
594,1318,4,"2016-12-07","2016-12-08","2016-12-08",3,8,1
595,538,4,"2016-12-08","2016-12-09","2016-12-11",1,2,2
596,952,4,"2016-12-08","2016-12-09","2016-12-09",1,3,4
597,1121,4,"2016-12-08","2016-12-09","2016-12-10",2,6,5
598,40,3,"2016-12-09","2016-12-09",NULL,1,3,NULL
599,1,4,"2016-12-09","2016-12-10","2016-12-12",2,6,4
600,624,4,"2016-12-09","2016-12-12","2016-12-11",2,7,3
601,683,4,"2016-12-09","2016-12-10","2016-12-10",2,6,3
602,823,4,"2016-12-09","2016-12-10","2016-12-11",2,6,3
603,1032,4,"2016-12-09","2016-12-10","2016-12-10",2,7,1
604,96,4,"2016-12-10","2016-12-13","2016-12-12",2,7,3
605,1208,4,"2016-12-10","2016-12-11","2016-12-12",2,6,3
606,18,4,"2016-12-11","2016-12-12","2016-12-13",2,7,4
607,309,4,"2016-12-11","2016-12-14","2016-12-13",2,6,5
608,1103,4,"2016-12-12","2016-12-15","2016-12-14",1,3,5
609,896,4,"2016-12-12","2016-12-13","2016-12-14",2,7,2
610,711,4,"2016-12-13","2016-12-15","2016-12-14",2,6,4
611,1073,4,"2016-12-15","2016-12-17","2016-12-18",2,7,5
612,634,4,"2016-12-16","2016-12-17","2016-12-17",2,7,3
613,1159,4,"2016-12-17","2016-12-19","2016-12-19",2,7,3
614,654,4,"2016-12-18","2016-12-21","2016-12-21",1,2,3
615,560,4,"2016-12-19","2016-12-22","2016-12-21",3,9,3
616,1444,4,"2016-12-20","2016-12-23","2016-12-23",2,6,4
617,118,4,"2016-12-21","2016-12-23","2016-12-23",2,7,4
618,131,4,"2016-12-21","2016-12-22","2016-12-22",2,6,1
619,454,4,"2016-12-22","2016-12-25","2016-12-25",2,7,4
620,466,4,"2016-12-22","2016-12-24","2016-12-24",2,6,3
621,1157,4,"2016-12-23","2016-12-25","2016-12-24",2,6,3
622,1398,4,"2016-12-23","2016-12-26","2016-12-25",2,7,3
623,678,4,"2016-12-24","2016-12-26","2016-12-27",2,6,3
624,814,4,"2016-12-24","2016-12-25","2016-12-27",2,6,3
625,1163,4,"2016-12-25","2016-12-28","2016-12-26",1,2,3
626,130,4,"2016-12-25","2016-12-28","2016-12-27",2,7,5
627,1119,4,"2016-12-25","2016-12-26","2016-12-28",2,6,2
628,561,4,"2016-12-26","2016-12-29","2016-12-27",1,3,4
629,973,4,"2016-12-26","2016-12-27","2016-12-29",1,2,2
630,1404,4,"2016-12-26","2016-12-27","2016-12-28",2,6,3
631,855,4,"2016-12-27","2016-12-29","2016-12-29",1,3,4
632,163,4,"2016-12-27","2016-12-29","2016-12-29",2,7,3
633,1040,4,"2016-12-28","2016-12-31","2016-12-30",3,8,4
634,27,4,"2016-12-29","2017-01-01","2016-12-30",2,6,3
635,520,4,"2016-12-30","2017-01-02","2016-12-31",2,6,5
636,532,4,"2017-01-03","2017-01-04","2017-01-05",1,2,2
637,512,4,"2017-01-03","2017-01-05","2017-01-05",2,6,4
638,1302,4,"2017-01-04","2017-01-05","2017-01-06",2,7,1
639,550,4,"2017-01-06","2017-01-07","2017-01-07",2,6,1
640,1093,4,"2017-01-06","2017-01-08","2017-01-07",2,6,3
641,673,4,"2017-01-07","2017-01-10","2017-01-08",1,3,5
642,847,4,"2017-01-07","2017-01-09","2017-01-10",2,7,1
643,901,4,"2017-01-08","2017-01-09","2017-01-11",1,3,3
644,439,4,"2017-01-08","2017-01-11","2017-01-10",2,6,3
645,1199,4,"2017-01-08","2017-01-11","2017-01-10",2,6,3
646,975,4,"2017-01-09","2017-01-12","2017-01-11",1,2,4
647,283,4,"2017-01-09","2017-01-10","2017-01-11",2,7,2
648,684,4,"2017-01-09","2017-01-11","2017-01-11",2,6,2
649,1153,4,"2017-01-10","2017-01-11","2017-01-13",1,3,4
650,729,4,"2017-01-11","2017-01-14","2017-01-12",1,2,2
651,190,4,"2017-01-11","2017-01-13","2017-01-13",2,7,5
652,985,4,"2017-01-12","2017-01-15","2017-01-13",3,9,3
653,1249,4,"2017-01-14","2017-01-17","2017-01-15",1,2,3
654,1129,4,"2017-01-14","2017-01-15","2017-01-17",2,7,5
655,347,4,"2017-01-16","2017-01-17","2017-01-18",1,3,3
656,949,4,"2017-01-16","2017-01-17","2017-01-18",2,7,3
657,349,4,"2017-01-17","2017-01-19","2017-01-20",1,2,3
658,1051,4,"2017-01-17","2017-01-18","2017-01-18",2,7,4
659,1391,4,"2017-01-17","2017-01-19","2017-01-18",2,7,3
660,383,4,"2017-01-18","2017-01-19","2017-01-19",2,7,3
661,626,4,"2017-01-18","2017-01-19","2017-01-20",2,6,3
662,1125,4,"2017-01-19","2017-01-20","2017-01-20",1,3,2
663,344,4,"2017-01-20","2017-01-22","2017-01-23",1,3,1
664,681,4,"2017-01-20","2017-01-23","2017-01-22",2,7,4
665,29,4,"2017-01-21","2017-01-22","2017-01-23",2,6,4
666,770,4,"2017-01-21","2017-01-22","2017-01-24",2,7,3
667,858,4,"2017-01-22","2017-01-24","2017-01-25",2,7,2
668,297,4,"2017-01-22","2017-01-23","2017-01-24",3,8,2
669,745,4,"2017-01-23","2017-01-24","2017-01-26",2,7,3
670,361,4,"2017-01-24","2017-01-25","2017-01-25",2,6,2
671,922,4,"2017-01-25","2017-01-28","2017-01-26",2,7,2
672,908,4,"2017-01-26","2017-01-29","2017-01-29",2,6,3
673,64,4,"2017-01-26","2017-01-28","2017-01-27",3,9,3
674,733,4,"2017-01-27","2017-01-28","2017-01-29",2,6,3
675,291,4,"2017-01-28","2017-01-31","2017-01-30",2,7,3
676,790,4,"2017-01-28","2017-01-30","2017-01-31",2,7,2
677,809,4,"2017-01-28","2017-01-31","2017-01-30",2,7,3
678,250,4,"2017-01-28","2017-01-29","2017-01-31",3,9,4
679,81,4,"2017-01-29","2017-01-30","2017-01-30",1,3,1
680,245,4,"2017-01-29","2017-02-01","2017-01-30",1,3,2
681,499,4,"2017-01-29","2017-02-01","2017-01-31",2,7,3
682,614,4,"2017-01-29","2017-01-30","2017-01-30",2,6,4
683,741,4,"2017-01-29","2017-01-31","2017-02-01",2,6,3
684,762,4,"2017-01-31","2017-02-01","2017-02-02",2,6,4
685,976,4,"2017-01-31","2017-02-03","2017-02-02",2,7,3
686,380,4,"2017-02-01","2017-02-03","2017-02-04",2,7,3
687,530,4,"2017-02-02","2017-02-05","2017-02-04",1,3,4
688,343,4,"2017-02-02","2017-02-03","2017-02-05",2,7,1
689,884,4,"2017-02-02","2017-02-03","2017-02-05",2,7,3
690,1097,4,"2017-02-03","2017-02-04","2017-02-06",1,2,4
691,1081,4,"2017-02-04","2017-02-06","2017-02-06",2,7,1
692,2,3,"2017-02-05","2017-02-05",NULL,1,3,NULL
693,1233,4,"2017-02-05","2017-02-07","2017-02-06",1,3,2
694,58,4,"2017-02-05","2017-02-06","2017-02-08",2,7,3
695,606,4,"2017-02-05","2017-02-08","2017-02-07",2,7,4
696,1242,4,"2017-02-05","2017-02-08","2017-02-08",2,7,3
697,562,4,"2017-02-06","2017-02-08","2017-02-09",1,2,2
698,543,4,"2017-02-06","2017-02-08","2017-02-09",3,8,3
699,958,4,"2017-02-06","2017-02-08","2017-02-09",3,9,4
700,4,4,"2017-02-07","2017-02-10","2017-02-08",2,6,4
701,850,4,"2017-02-07","2017-02-08","2017-02-09",3,9,3
702,1352,4,"2017-02-08","2017-02-09","2017-02-11",1,3,3
703,417,4,"2017-02-08","2017-02-09","2017-02-09",2,7,3
704,1137,4,"2017-02-08","2017-02-09","2017-02-11",2,6,3
705,1196,4,"2017-02-08","2017-02-11","2017-02-11",2,7,3
706,1271,4,"2017-02-09","2017-02-12","2017-02-10",1,2,3
707,79,4,"2017-02-09","2017-02-11","2017-02-11",2,7,2
708,660,4,"2017-02-10","2017-02-12","2017-02-11",1,2,3
709,1162,4,"2017-02-11","2017-02-13","2017-02-12",2,6,3
710,295,4,"2017-02-13","2017-02-15","2017-02-16",2,6,3
711,1246,4,"2017-02-13","2017-02-16","2017-02-14",2,6,3
712,173,4,"2017-02-13","2017-02-14","2017-02-16",3,9,2
713,207,4,"2017-02-13","2017-02-14","2017-02-15",3,8,5
714,805,4,"2017-02-14","2017-02-17","2017-02-15",2,7,3
715,12,3,"2017-02-15","2017-02-15",NULL,2,6,NULL
716,672,4,"2017-02-15","2017-02-17","2017-02-18",2,6,4
717,1312,4,"2017-02-15","2017-02-18","2017-02-17",2,6,2
718,38,4,"2017-02-16","2017-02-17","2017-02-17",2,7,2
719,200,4,"2017-02-16","2017-02-19","2017-02-18",2,6,4
720,382,4,"2017-02-16","2017-02-19","2017-02-19",2,6,2
721,625,4,"2017-02-16","2017-02-19","2017-02-17",2,7,4
722,1399,4,"2017-02-18","2017-02-20","2017-02-21",2,7,4
723,845,4,"2017-02-19","2017-02-21","2017-02-22",2,6,2
724,864,4,"2017-02-19","2017-02-22","2017-02-21",2,6,1
725,870,4,"2017-02-19","2017-02-22","2017-02-22",2,7,3
726,969,4,"2017-02-19","2017-02-22","2017-02-20",2,6,4
727,962,4,"2017-02-19","2017-02-22","2017-02-21",3,9,4
728,1138,4,"2017-02-20","2017-02-21","2017-02-23",1,3,4
729,897,4,"2017-02-20","2017-02-22","2017-02-21",2,7,5
730,500,4,"2017-02-21","2017-02-24","2017-02-22",2,6,4
731,910,4,"2017-02-25","2017-02-27","2017-02-27",3,9,2
732,147,4,"2017-02-26","2017-02-27","2017-03-01",2,7,3
733,832,4,"2017-02-26","2017-03-01","2017-02-27",2,7,2
734,939,4,"2017-02-26","2017-02-28","2017-03-01",3,9,3
735,20,3,"2017-02-27","2017-02-27",NULL,3,9,NULL
736,184,4,"2017-02-27","2017-02-28","2017-02-28",2,7,3
737,694,4,"2017-02-27","2017-03-01","2017-02-28",2,6,1
738,124,4,"2017-02-28","2017-03-01","2017-03-03",1,2,3
739,49,4,"2017-02-28","2017-03-01","2017-03-02",2,6,3
740,1113,4,"2017-02-28","2017-03-01","2017-03-02",2,6,3
741,119,4,"2017-02-28","2017-03-01","2017-03-01",3,8,3
742,433,4,"2017-02-28","2017-03-01","2017-03-01",3,9,4
743,137,4,"2017-03-01","2017-03-04","2017-03-04",2,6,3
744,166,4,"2017-03-01","2017-03-02","2017-03-02",2,7,5
745,698,4,"2017-03-01","2017-03-03","2017-03-03",2,7,3
746,391,4,"2017-03-02","2017-03-04","2017-03-05",1,3,2
747,87,4,"2017-03-03","2017-03-04","2017-03-05",1,3,3
748,1072,4,"2017-03-03","2017-03-05","2017-03-04",3,8,3
749,255,4,"2017-03-04","2017-03-07","2017-03-05",2,7,3
750,232,4,"2017-03-04","2017-03-07","2017-03-05",3,8,4
751,731,4,"2017-03-05","2017-03-08","2017-03-07",1,3,3
752,335,4,"2017-03-05","2017-03-06","2017-03-07",2,6,3
753,1201,4,"2017-03-05","2017-03-08","2017-03-08",2,7,4
754,646,4,"2017-03-06","2017-03-07","2017-03-08",1,2,4
755,531,4,"2017-03-06","2017-03-07","2017-03-07",2,6,3
756,1143,4,"2017-03-06","2017-03-07","2017-03-09",2,6,1
757,1336,4,"2017-03-06","2017-03-08","2017-03-09",2,7,2
758,953,4,"2017-03-06","2017-03-08","2017-03-07",3,9,5
759,284,4,"2017-03-07","2017-03-09","2017-03-08",2,7,3
760,1104,4,"2017-03-07","2017-03-10","2017-03-10",2,6,2
761,1291,4,"2017-03-07","2017-03-08","2017-03-10",2,7,2
762,572,4,"2017-03-08","2017-03-09","2017-03-09",2,6,3
763,842,4,"2017-03-08","2017-03-10","2017-03-09",3,9,2
764,701,4,"2017-03-09","2017-03-10","2017-03-12",1,2,3
765,1152,4,"2017-03-09","2017-03-11","2017-03-12",1,2,2
766,141,4,"2017-03-09","2017-03-11","2017-03-12",2,6,3
767,564,4,"2017-03-09","2017-03-10","2017-03-11",2,7,5
768,841,4,"2017-03-09","2017-03-12","2017-03-10",2,7,3
769,946,4,"2017-03-09","2017-03-11","2017-03-11",2,6,3
770,135,4,"2017-03-09","2017-03-11","2017-03-11",3,9,4
771,671,4,"2017-03-11","2017-03-14","2017-03-12",1,3,3
772,448,4,"2017-03-11","2017-03-12","2017-03-13",2,7,2
773,1385,4,"2017-03-11","2017-03-12","2017-03-12",2,6,4
774,690,4,"2017-03-12","2017-03-14","2017-03-14",2,6,3
775,968,4,"2017-03-12","2017-03-13","2017-03-13",2,6,3
776,490,4,"2017-03-13","2017-03-15","2017-03-16",2,6,3
777,496,4,"2017-03-13","2017-03-16","2017-03-16",2,6,3
778,56,3,"2017-03-15","2017-03-15",NULL,3,9,NULL
779,367,4,"2017-03-15","2017-03-16","2017-03-18",2,6,4
780,592,4,"2017-03-15","2017-03-17","2017-03-17",2,6,3
781,1018,4,"2017-03-15","2017-03-16","2017-03-17",2,6,3
782,1298,4,"2017-03-15","2017-03-16","2017-03-18",2,7,4
783,1343,4,"2017-03-16","2017-03-19","2017-03-17",1,2,3
784,430,4,"2017-03-16","2017-03-19","2017-03-19",2,7,3
785,794,4,"2017-03-18","2017-03-19","2017-03-20",1,2,2
786,249,4,"2017-03-18","2017-03-20","2017-03-19",2,6,2
787,700,4,"2017-03-18","2017-03-20","2017-03-19",3,9,2
788,1363,4,"2017-03-18","2017-03-20","2017-03-20",3,9,2
789,772,4,"2017-03-19","2017-03-20","2017-03-20",2,6,3
790,1015,4,"2017-03-19","2017-03-21","2017-03-22",2,7,3
791,432,4,"2017-03-20","2017-03-22","2017-03-23",2,6,4
792,479,4,"2017-03-22","2017-03-23","2017-03-24",2,6,3
793,653,4,"2017-03-23","2017-03-24","2017-03-24",2,6,4
794,863,4,"2017-03-23","2017-03-25","2017-03-24",2,7,4
795,992,4,"2017-03-23","2017-03-25","2017-03-26",2,7,2
796,154,4,"2017-03-23","2017-03-26","2017-03-25",3,9,3
797,374,4,"2017-03-24","2017-03-26","2017-03-26",2,7,2
798,619,4,"2017-03-26","2017-03-28","2017-03-29",1,3,3
799,607,4,"2017-03-27","2017-03-28","2017-03-29",1,3,2
800,1057,4,"2017-03-27","2017-03-29","2017-03-28",2,6,3
801,78,4,"2017-03-28","2017-03-29","2017-03-30",1,2,2
802,340,4,"2017-03-28","2017-03-29","2017-03-30",2,6,3
803,1105,4,"2017-03-28","2017-03-31","2017-03-30",3,8,1
804,95,4,"2017-03-29","2017-03-31","2017-03-30",2,6,3
805,420,4,"2017-03-29","2017-03-30","2017-04-01",2,6,5
806,234,4,"2017-03-30","2017-03-31","2017-03-31",2,7,4
807,1148,4,"2017-03-30","2017-04-01","2017-04-02",2,6,3
808,315,4,"2017-03-31","2017-04-02","2017-04-02",2,6,3
809,1222,4,"2017-03-31","2017-04-03","2017-04-03",2,7,3
810,153,3,"2017-04-01","2017-04-01",NULL,3,8,NULL
811,524,4,"2017-04-01","2017-04-04","2017-04-04",2,7,4
812,1164,4,"2017-04-01","2017-04-02","2017-04-03",2,7,3
813,1203,4,"2017-04-01","2017-04-03","2017-04-02",3,9,4
814,629,4,"2017-04-02","2017-04-05","2017-04-03",2,7,2
815,1251,4,"2017-04-03","2017-04-05","2017-04-04",1,3,3
816,811,4,"2017-04-03","2017-04-05","2017-04-05",2,6,2
817,301,4,"2017-04-04","2017-04-05","2017-04-07",2,7,4
818,1319,4,"2017-04-04","2017-04-07","2017-04-07",2,6,1
819,221,4,"2017-04-04","2017-04-07","2017-04-05",3,9,2
820,725,4,"2017-04-05","2017-04-08","2017-04-07",2,7,5
821,1181,4,"2017-04-05","2017-04-07","2017-04-08",2,7,4
822,294,4,"2017-04-06","2017-04-08","2017-04-09",2,7,4
823,415,4,"2017-04-06","2017-04-07","2017-04-08",3,8,2
824,993,4,"2017-04-07","2017-04-09","2017-04-10",1,2,3
825,10,4,"2017-04-07","2017-04-08","2017-04-09",2,7,3
826,45,4,"2017-04-07","2017-04-10","2017-04-10",2,6,1
827,666,4,"2017-04-07","2017-04-10","2017-04-10",2,7,2
828,246,4,"2017-04-09","2017-04-10","2017-04-12",2,6,3
829,674,4,"2017-04-09","2017-04-10","2017-04-10",2,7,3
830,431,4,"2017-04-11","2017-04-14","2017-04-12",2,6,2
831,1000,4,"2017-04-11","2017-04-12","2017-04-12",2,7,3
832,1215,4,"2017-04-11","2017-04-12","2017-04-12",2,7,5
833,406,4,"2017-04-12","2017-04-14","2017-04-15",2,7,4
834,890,4,"2017-04-12","2017-04-13","2017-04-15",2,6,3
835,940,4,"2017-04-13","2017-04-15","2017-04-14",1,2,2
836,455,4,"2017-04-13","2017-04-16","2017-04-14",2,6,3
837,948,4,"2017-04-13","2017-04-16","2017-04-14",2,7,4
838,1395,4,"2017-04-14","2017-04-17","2017-04-15",2,7,4
839,1332,4,"2017-04-15","2017-04-18","2017-04-16",1,3,2
840,372,4,"2017-04-15","2017-04-16","2017-04-16",2,6,2
841,428,4,"2017-04-15","2017-04-18","2017-04-17",2,7,3
842,1133,4,"2017-04-15","2017-04-18","2017-04-16",2,6,2
843,1059,4,"2017-04-16","2017-04-17","2017-04-19",2,7,2
844,1436,4,"2017-04-16","2017-04-17","2017-04-18",2,6,2
845,662,4,"2017-04-17","2017-04-18","2017-04-18",2,7,3
846,715,4,"2017-04-17","2017-04-19","2017-04-19",2,6,2
847,329,4,"2017-04-18","2017-04-19","2017-04-19",2,7,4
848,597,4,"2017-04-18","2017-04-20","2017-04-20",2,7,3
849,776,4,"2017-04-19","2017-04-20","2017-04-21",1,2,3
850,1346,4,"2017-04-19","2017-04-22","2017-04-22",1,3,2
851,1139,4,"2017-04-20","2017-04-21","2017-04-22",2,6,2
852,13,4,"2017-04-21","2017-04-23","2017-04-22",3,9,5
853,883,4,"2017-04-21","2017-04-24","2017-04-24",3,8,4
854,177,4,"2017-04-22","2017-04-25","2017-04-23",2,6,3
855,775,4,"2017-04-22","2017-04-23","2017-04-25",2,6,4
856,477,4,"2017-04-23","2017-04-25","2017-04-26",2,6,2
857,1402,4,"2017-04-24","2017-04-25","2017-04-26",2,7,4
858,162,4,"2017-04-25","2017-04-27","2017-04-28",2,6,4
859,644,4,"2017-04-25","2017-04-26","2017-04-26",2,6,3
860,473,4,"2017-04-27","2017-04-29","2017-04-28",2,7,5
861,1177,4,"2017-04-27","2017-04-29","2017-04-30",2,7,1
862,1230,4,"2017-04-27","2017-04-30","2017-04-29",3,8,4
863,446,4,"2017-04-28","2017-04-30","2017-05-01",2,7,3
864,902,4,"2017-04-28","2017-04-30","2017-04-29",2,6,4
865,974,4,"2017-04-29","2017-05-02","2017-05-01",2,6,4
866,1410,4,"2017-04-29","2017-04-30","2017-05-01",2,6,4
867,97,4,"2017-05-01","2017-05-03","2017-05-02",1,3,2
868,868,4,"2017-05-01","2017-05-04","2017-05-02",1,3,2
869,844,4,"2017-05-01","2017-05-04","2017-05-02",2,7,4
870,1416,4,"2017-05-01","2017-05-04","2017-05-02",2,6,4
871,358,4,"2017-05-02","2017-05-04","2017-05-03",2,7,3
872,394,4,"2017-05-03","2017-05-06","2017-05-06",1,3,3
873,829,4,"2017-05-03","2017-05-05","2017-05-05",2,7,3
874,661,4,"2017-05-04","2017-05-05","2017-05-06",2,7,4
875,386,4,"2017-05-05","2017-05-06","2017-05-08",1,3,3
876,1046,4,"2017-05-05","2017-05-08","2017-05-06",2,7,2
877,784,4,"2017-05-06","2017-05-07","2017-05-08",2,6,3
878,224,4,"2017-05-07","2017-05-10","2017-05-09",1,3,4
879,214,4,"2017-05-08","2017-05-09","2017-05-09",2,7,4
880,1206,4,"2017-05-08","2017-05-11","2017-05-10",2,6,2
881,1024,4,"2017-05-08","2017-05-11","2017-05-11",3,9,4
882,196,4,"2017-05-09","2017-05-12","2017-05-10",2,6,2
883,507,4,"2017-05-11","2017-05-13","2017-05-14",2,6,3
884,871,4,"2017-05-11","2017-05-13","2017-05-12",2,7,4
885,66,3,"2017-05-13","2017-05-13",NULL,3,8,NULL
886,1396,4,"2017-05-13","2017-05-14","2017-05-15",1,2,4
887,1195,4,"2017-05-13","2017-05-15","2017-05-15",2,6,4
888,1038,4,"2017-05-14","2017-05-16","2017-05-16",2,7,2
889,830,4,"2017-05-14","2017-05-17","2017-05-15",3,8,3
890,171,4,"2017-05-15","2017-05-18","2017-05-18",2,6,2
891,384,4,"2017-05-15","2017-05-18","2017-05-16",2,6,2
892,651,4,"2017-05-15","2017-05-18","2017-05-17",2,7,4
893,1293,4,"2017-05-16","2017-05-19","2017-05-19",2,7,3
894,1320,4,"2017-05-16","2017-05-19","2017-05-19",2,6,4
895,857,4,"2017-05-18","2017-05-21","2017-05-19",2,6,2
896,376,4,"2017-05-19","2017-05-22","2017-05-21",3,9,3
897,47,4,"2017-05-20","2017-05-21","2017-05-21",1,2,2
898,352,4,"2017-05-20","2017-05-21","2017-05-22",2,6,3
899,605,4,"2017-05-20","2017-05-21","2017-05-21",2,7,2
900,971,4,"2017-05-20","2017-05-21","2017-05-22",2,6,3
901,345,4,"2017-05-21","2017-05-22","2017-05-24",2,7,3
902,1278,4,"2017-05-21","2017-05-24","2017-05-22",2,6,4
903,179,4,"2017-05-22","2017-05-23","2017-05-24",2,7,2
904,1020,4,"2017-05-23","2017-05-26","2017-05-24",1,2,3
905,609,4,"2017-05-23","2017-05-26","2017-05-24",2,6,1
906,877,4,"2017-05-23","2017-05-26","2017-05-26",2,7,3
907,120,4,"2017-05-24","2017-05-26","2017-05-27",1,2,4
908,402,4,"2017-05-25","2017-05-28","2017-05-27",2,7,3
909,188,4,"2017-05-26","2017-05-27","2017-05-28",1,2,4
910,342,4,"2017-05-26","2017-05-28","2017-05-28",2,7,3
911,887,4,"2017-05-26","2017-05-29","2017-05-29",2,6,2
912,519,4,"2017-05-27","2017-05-29","2017-05-29",1,2,3
913,699,4,"2017-05-27","2017-05-29","2017-05-29",2,6,2
914,1068,4,"2017-05-28","2017-05-31","2017-05-31",1,2,4
915,215,4,"2017-05-28","2017-05-30","2017-05-30",2,6,3
916,718,4,"2017-05-28","2017-05-29","2017-05-29",2,6,2
917,881,4,"2017-05-29","2017-05-31","2017-06-01",1,2,4
918,242,4,"2017-05-30","2017-05-31","2017-05-31",1,3,3
919,781,4,"2017-05-30","2017-05-31","2017-05-31",2,7,5
920,966,4,"2017-05-30","2017-06-01","2017-06-02",2,7,1
921,628,4,"2017-05-31","2017-06-02","2017-06-02",2,6,2
922,656,4,"2017-05-31","2017-06-01","2017-06-03",2,6,3
923,769,4,"2017-05-31","2017-06-03","2017-06-02",2,7,3
924,68,3,"2017-06-02","2017-06-02",NULL,3,8,NULL
925,1316,4,"2017-06-02","2017-06-05","2017-06-03",2,7,4
926,233,4,"2017-06-03","2017-06-05","2017-06-06",1,2,3
927,1438,4,"2017-06-03","2017-06-05","2017-06-06",1,2,2
928,957,4,"2017-06-05","2017-06-06","2017-06-06",1,3,4
929,472,4,"2017-06-05","2017-06-06","2017-06-08",2,6,4
930,1224,4,"2017-06-05","2017-06-06","2017-06-06",3,9,2
931,631,4,"2017-06-07","2017-06-08","2017-06-08",2,6,3
932,804,4,"2017-06-07","2017-06-08","2017-06-09",2,6,3
933,909,4,"2017-06-07","2017-06-10","2017-06-08",2,6,3
934,93,4,"2017-06-09","2017-06-10","2017-06-12",2,7,3
935,43,3,"2017-06-10","2017-06-10",NULL,3,8,NULL
936,265,4,"2017-06-10","2017-06-13","2017-06-12",2,6,2
937,73,4,"2017-06-11","2017-06-14","2017-06-13",2,7,3
938,129,4,"2017-06-11","2017-06-12","2017-06-12",2,6,4
939,1407,4,"2017-06-11","2017-06-12","2017-06-14",2,6,3
940,585,4,"2017-06-12","2017-06-14","2017-06-13",1,2,3
941,736,4,"2017-06-12","2017-06-14","2017-06-14",1,2,2
942,537,4,"2017-06-13","2017-06-16","2017-06-15",2,6,2
943,1025,4,"2017-06-13","2017-06-15","2017-06-15",2,6,3
944,138,4,"2017-06-14","2017-06-15","2017-06-17",1,3,2
945,167,4,"2017-06-14","2017-06-15","2017-06-16",2,7,5
946,525,4,"2017-06-14","2017-06-16","2017-06-15",2,6,4
947,278,4,"2017-06-15","2017-06-18","2017-06-17",1,3,2
948,618,4,"2017-06-15","2017-06-17","2017-06-17",2,6,2
949,867,4,"2017-06-16","2017-06-18","2017-06-17",1,3,3
950,142,4,"2017-06-16","2017-06-19","2017-06-18",2,6,2
951,339,4,"2017-06-16","2017-06-19","2017-06-19",2,7,3
952,355,4,"2017-06-16","2017-06-18","2017-06-18",2,7,3
953,658,4,"2017-06-16","2017-06-18","2017-06-17",2,7,3
954,611,4,"2017-06-17","2017-06-20","2017-06-20",2,6,4
955,880,4,"2017-06-17","2017-06-19","2017-06-18",2,6,4
956,1184,4,"2017-06-17","2017-06-19","2017-06-20",2,6,2
957,722,4,"2017-06-17","2017-06-20","2017-06-20",3,9,3
958,1276,4,"2017-06-18","2017-06-20","2017-06-19",1,2,3
959,650,4,"2017-06-18","2017-06-21","2017-06-21",2,7,3
960,1390,4,"2017-06-18","2017-06-19","2017-06-19",2,7,3
961,82,4,"2017-06-19","2017-06-21","2017-06-22",1,2,3
962,570,4,"2017-06-19","2017-06-22","2017-06-20",2,7,2
963,1432,4,"2017-06-19","2017-06-21","2017-06-21",2,6,2
964,404,4,"2017-06-20","2017-06-22","2017-06-22",2,7,3
965,457,4,"2017-06-20","2017-06-22","2017-06-23",2,6,2
966,389,4,"2017-06-20","2017-06-22","2017-06-22",3,8,3
967,1323,4,"2017-06-21","2017-06-24","2017-06-24",2,6,1
968,1403,4,"2017-06-21","2017-06-23","2017-06-23",2,6,1
969,248,4,"2017-06-21","2017-06-24","2017-06-22",3,9,3
970,836,4,"2017-06-22","2017-06-25","2017-06-23",2,7,3
971,1426,4,"2017-06-22","2017-06-23","2017-06-24",3,8,2
972,270,4,"2017-06-23","2017-06-24","2017-06-25",2,7,2
973,238,4,"2017-06-24","2017-06-27","2017-06-27",2,6,3
974,511,4,"2017-06-24","2017-06-27","2017-06-27",3,8,4
975,1092,4,"2017-06-25","2017-06-27","2017-06-28",2,6,4
976,1266,4,"2017-06-25","2017-06-28","2017-06-27",3,9,2
977,400,4,"2017-06-26","2017-06-28","2017-06-27",2,7,3
978,1123,4,"2017-06-26","2017-06-28","2017-06-27",2,6,4
979,1190,4,"2017-06-26","2017-06-29","2017-06-27",2,6,2
980,328,4,"2017-06-26","2017-06-28","2017-06-27",3,9,3
981,687,4,"2017-06-26","2017-06-29","2017-06-28",3,8,3
982,1423,4,"2017-06-26","2017-06-29","2017-06-28",3,9,4
983,1158,4,"2017-06-27","2017-06-28","2017-06-29",2,6,3
984,1287,4,"2017-06-27","2017-06-28","2017-06-29",2,7,5
985,461,4,"2017-06-30","2017-07-02","2017-07-01",2,6,5
986,556,4,"2017-06-30","2017-07-03","2017-07-01",2,7,3
987,172,4,"2017-07-02","2017-07-04","2017-07-04",1,2,3
988,436,4,"2017-07-02","2017-07-04","2017-07-05",2,6,2
989,1145,4,"2017-07-02","2017-07-04","2017-07-03",2,6,4
990,706,4,"2017-07-04","2017-07-07","2017-07-07",2,7,3
991,751,4,"2017-07-06","2017-07-07","2017-07-09",1,2,4
992,723,4,"2017-07-07","2017-07-10","2017-07-09",2,7,3
993,1415,4,"2017-07-09","2017-07-11","2017-07-11",1,3,3
994,419,4,"2017-07-09","2017-07-11","2017-07-11",2,7,3
995,621,4,"2017-07-11","2017-07-13","2017-07-14",1,2,2
996,915,4,"2017-07-11","2017-07-12","2017-07-12",1,2,1
997,485,4,"2017-07-11","2017-07-13","2017-07-14",2,7,4
998,219,4,"2017-07-12","2017-07-13","2017-07-14",2,7,3
999,590,4,"2017-07-12","2017-07-13","2017-07-14",2,6,4
1000,645,4,"2017-07-12","2017-07-14","2017-07-15",2,7,3
1001,354,4,"2017-07-13","2017-07-16","2017-07-15",2,6,3
1002,1418,4,"2017-07-14","2017-07-16","2017-07-16",1,3,3
1003,503,4,"2017-07-14","2017-07-16","2017-07-16",2,7,3
1004,1389,4,"2017-07-14","2017-07-17","2017-07-16",2,6,2
1005,266,4,"2017-07-15","2017-07-17","2017-07-16",2,7,3
1006,1070,4,"2017-07-15","2017-07-18","2017-07-17",2,7,3
1007,1115,4,"2017-07-16","2017-07-17","2017-07-17",2,6,2
1008,1345,4,"2017-07-16","2017-07-18","2017-07-18",2,6,3
1009,1064,4,"2017-07-16","2017-07-19","2017-07-19",3,8,1
1010,8,3,"2017-07-18","2017-07-18",NULL,2,7,NULL
1011,495,4,"2017-07-18","2017-07-21","2017-07-21",1,3,2
1012,620,4,"2017-07-18","2017-07-20","2017-07-20",2,7,3
1013,174,4,"2017-07-19","2017-07-22","2017-07-21",2,6,2
1014,748,4,"2017-07-19","2017-07-21","2017-07-21",2,6,3
1015,799,4,"2017-07-19","2017-07-22","2017-07-21",2,7,4
1016,1417,4,"2017-07-19","2017-07-20","2017-07-21",3,9,3
1017,168,4,"2017-07-20","2017-07-21","2017-07-23",2,6,4
1018,290,4,"2017-07-22","2017-07-23","2017-07-23",2,6,3
1019,408,4,"2017-07-22","2017-07-23","2017-07-24",2,7,2
1020,16,3,"2017-07-23","2017-07-23",NULL,2,6,NULL
1021,125,4,"2017-07-23","2017-07-24","2017-07-26",2,6,4
1022,353,4,"2017-07-23","2017-07-26","2017-07-24",2,7,3
1023,356,4,"2017-07-23","2017-07-26","2017-07-25",2,6,3
1024,837,4,"2017-07-23","2017-07-25","2017-07-26",2,7,4
1025,1304,4,"2017-07-23","2017-07-26","2017-07-26",2,6,3
1026,1370,4,"2017-07-26","2017-07-28","2017-07-29",1,2,3
1027,588,4,"2017-07-26","2017-07-28","2017-07-28",2,6,1
1028,1273,4,"2017-07-27","2017-07-28","2017-07-30",2,7,3
1029,407,4,"2017-07-29","2017-07-30","2017-08-01",1,3,4
1030,161,4,"2017-07-29","2017-07-30","2017-07-31",2,6,4
1031,1308,4,"2017-07-30","2017-08-01","2017-08-02",1,2,4
1032,429,4,"2017-07-30","2017-08-02","2017-08-01",2,6,2
1033,582,4,"2017-07-30","2017-07-31","2017-08-02",2,7,4
1034,895,4,"2017-07-30","2017-07-31","2017-07-31",2,7,4
1035,1283,4,"2017-07-30","2017-08-02","2017-08-02",2,6,3
1036,1442,4,"2017-07-30","2017-08-01","2017-07-31",2,6,2
1037,1229,4,"2017-07-31","2017-08-02","2017-08-03",2,6,3
1038,1281,4,"2017-07-31","2017-08-01","2017-08-03",2,7,2
1039,1077,4,"2017-08-02","2017-08-04","2017-08-03",2,7,2
1040,1225,4,"2017-08-04","2017-08-07","2017-08-05",1,2,1
1041,70,4,"2017-08-04","2017-08-06","2017-08-05",2,7,3
1042,539,4,"2017-08-06","2017-08-07","2017-08-07",2,7,4
1043,1235,4,"2017-08-06","2017-08-09","2017-08-08",2,6,3
1044,1270,4,"2017-08-07","2017-08-10","2017-08-08",2,7,1
1045,185,4,"2017-08-07","2017-08-09","2017-08-10",3,9,4
1046,1134,4,"2017-08-07","2017-08-09","2017-08-08",3,8,2
1047,116,3,"2017-08-08","2017-08-08",NULL,3,8,NULL
1048,777,4,"2017-08-08","2017-08-10","2017-08-09",2,7,1
1049,194,4,"2017-08-09","2017-08-11","2017-08-10",1,2,2
1050,239,4,"2017-08-09","2017-08-12","2017-08-12",1,3,2
1051,209,4,"2017-08-10","2017-08-11","2017-08-11",2,7,2
1052,460,4,"2017-08-10","2017-08-12","2017-08-13",2,6,3
1053,1439,4,"2017-08-10","2017-08-11","2017-08-12",2,6,4
1054,189,4,"2017-08-11","2017-08-12","2017-08-12",2,7,3
1055,140,4,"2017-08-12","2017-08-15","2017-08-15",2,6,2
1056,325,4,"2017-08-12","2017-08-15","2017-08-13",2,7,1
1057,456,4,"2017-08-12","2017-08-15","2017-08-13",2,7,2
1058,782,4,"2017-08-13","2017-08-16","2017-08-14",2,6,3
1059,6,4,"2017-08-14","2017-08-17","2017-08-17",2,7,2
1060,182,4,"2017-08-15","2017-08-18","2017-08-17",2,6,3
1061,655,4,"2017-08-15","2017-08-18","2017-08-18",2,7,3
1062,1210,4,"2017-08-15","2017-08-17","2017-08-18",2,6,2
1063,198,4,"2017-08-16","2017-08-19","2017-08-19",3,8,3
1064,898,4,"2017-08-16","2017-08-18","2017-08-19",3,9,3
1065,25,4,"2017-08-17","2017-08-19","2017-08-19",2,7,4
1066,106,4,"2017-08-17","2017-08-20","2017-08-19",2,7,1
1067,225,4,"2017-08-17","2017-08-19","2017-08-19",2,7,2
1068,453,4,"2017-08-17","2017-08-20","2017-08-19",2,7,4
1069,493,4,"2017-08-17","2017-08-19","2017-08-18",2,6,4
1070,596,4,"2017-08-17","2017-08-20","2017-08-18",2,7,3
1071,602,4,"2017-08-17","2017-08-20","2017-08-18",3,8,1
1072,47,3,"2017-08-18","2017-08-18",NULL,1,3,NULL
1073,911,4,"2017-08-18","2017-08-19","2017-08-21",2,7,4
1074,11,3,"2017-08-19","2017-08-19",NULL,2,6,NULL
1075,1003,4,"2017-08-19","2017-08-21","2017-08-22",1,3,3
1076,42,4,"2017-08-19","2017-08-22","2017-08-22",2,6,1
1077,412,4,"2017-08-19","2017-08-20","2017-08-21",2,6,5
1078,793,4,"2017-08-19","2017-08-21","2017-08-20",2,6,4
1079,812,4,"2017-08-19","2017-08-20","2017-08-20",2,7,3
1080,1086,4,"2017-08-19","2017-08-20","2017-08-20",2,7,1
1081,1106,4,"2017-08-19","2017-08-22","2017-08-22",2,6,4
1082,1327,4,"2017-08-20","2017-08-22","2017-08-21",2,6,4
1083,1372,4,"2017-08-20","2017-08-23","2017-08-23",2,6,4
1084,2,4,"2017-08-21","2017-08-24","2017-08-23",1,2,4
1085,305,4,"2017-08-21","2017-08-23","2017-08-23",1,3,4
1086,220,4,"2017-08-21","2017-08-23","2017-08-24",2,7,3
1087,675,4,"2017-08-22","2017-08-23","2017-08-25",3,8,2
1088,1160,4,"2017-08-22","2017-08-23","2017-08-23",3,8,4
1089,46,3,"2017-08-23","2017-08-23",NULL,1,2,NULL
1090,1427,4,"2017-08-24","2017-08-26","2017-08-26",1,2,4
1091,1260,4,"2017-08-24","2017-08-25","2017-08-25",2,7,3
1092,40,4,"2017-08-25","2017-08-28","2017-08-27",1,2,3
1093,326,4,"2017-08-25","2017-08-28","2017-08-26",1,3,3
1094,828,4,"2017-08-25","2017-08-27","2017-08-28",2,6,3
1095,1382,4,"2017-08-26","2017-08-28","2017-08-27",3,9,2
1096,589,4,"2017-08-27","2017-08-29","2017-08-29",1,2,3
1097,1311,4,"2017-08-27","2017-08-30","2017-08-28",2,6,4
1098,752,4,"2017-08-28","2017-08-30","2017-08-30",1,2,2
1099,1128,4,"2017-08-28","2017-08-29","2017-08-30",2,6,3
1100,1392,4,"2017-08-28","2017-08-29","2017-08-29",2,7,4
1101,379,4,"2017-08-29","2017-08-30","2017-08-30",2,7,2
1102,1317,4,"2017-08-29","2017-08-31","2017-08-31",2,6,4
1103,1394,4,"2017-08-31","2017-09-02","2017-09-02",2,7,5
1104,268,4,"2017-09-01","2017-09-04","2017-09-03",2,6,3
1105,747,4,"2017-09-01","2017-09-04","2017-09-03",3,8,3
1106,1009,4,"2017-09-02","2017-09-04","2017-09-04",2,6,1
1107,1424,4,"2017-09-02","2017-09-05","2017-09-05",2,7,4
1108,735,4,"2017-09-03","2017-09-05","2017-09-04",1,3,2
1109,23,4,"2017-09-03","2017-09-04","2017-09-04",2,6,3
1110,912,4,"2017-09-04","2017-09-07","2017-09-07",2,6,2
1111,930,4,"2017-09-04","2017-09-06","2017-09-05",2,6,3
1112,798,4,"2017-09-05","2017-09-08","2017-09-07",2,7,4
1113,388,4,"2017-09-06","2017-09-08","2017-09-07",2,7,4
1114,1036,4,"2017-09-06","2017-09-08","2017-09-08",2,6,2
1115,1100,4,"2017-09-07","2017-09-09","2017-09-09",2,6,1
1116,52,4,"2017-09-08","2017-09-10","2017-09-10",2,7,3
1117,334,4,"2017-09-08","2017-09-10","2017-09-10",2,6,2
1118,1023,4,"2017-09-08","2017-09-11","2017-09-11",2,6,3
1119,749,4,"2017-09-10","2017-09-12","2017-09-13",1,2,2
1120,1269,4,"2017-09-10","2017-09-12","2017-09-13",2,7,4
1121,143,4,"2017-09-11","2017-09-13","2017-09-12",2,7,2
1122,1132,4,"2017-09-12","2017-09-14","2017-09-14",2,6,3
1123,598,4,"2017-09-13","2017-09-14","2017-09-14",2,7,1
1124,275,4,"2017-09-13","2017-09-14","2017-09-16",3,9,2
1125,945,4,"2017-09-14","2017-09-15","2017-09-15",2,7,3
1126,1213,4,"2017-09-14","2017-09-16","2017-09-15",3,8,3
1127,494,4,"2017-09-15","2017-09-16","2017-09-16",2,7,1
1128,936,4,"2017-09-15","2017-09-17","2017-09-16",2,6,4
1129,663,4,"2017-09-17","2017-09-18","2017-09-20",2,6,3
1130,69,4,"2017-09-18","2017-09-20","2017-09-20",1,3,4
1131,1178,4,"2017-09-18","2017-09-20","2017-09-19",1,3,2
1132,351,4,"2017-09-19","2017-09-20","2017-09-20",2,6,4
1133,517,4,"2017-09-19","2017-09-21","2017-09-21",2,7,5
1134,978,4,"2017-09-19","2017-09-22","2017-09-20",2,6,3
1135,1347,4,"2017-09-19","2017-09-21","2017-09-20",2,6,4
1136,1050,4,"2017-09-20","2017-09-21","2017-09-21",2,6,2
1137,810,4,"2017-09-20","2017-09-23","2017-09-23",3,8,3
1138,254,4,"2017-09-21","2017-09-23","2017-09-22",1,2,4
1139,1006,4,"2017-09-21","2017-09-22","2017-09-23",1,2,2
1140,1063,4,"2017-09-21","2017-09-22","2017-09-22",3,8,4
1141,1076,4,"2017-09-22","2017-09-23","2017-09-24",1,2,3
1142,554,4,"2017-09-23","2017-09-26","2017-09-26",1,3,4
1143,1087,4,"2017-09-24","2017-09-26","2017-09-27",1,2,4
1144,1414,4,"2017-09-24","2017-09-27","2017-09-27",2,7,5
1145,617,4,"2017-09-25","2017-09-27","2017-09-26",2,6,2
1146,757,4,"2017-09-25","2017-09-26","2017-09-28",2,7,4
1147,1344,4,"2017-09-25","2017-09-26","2017-09-27",2,6,4
1148,1379,4,"2017-09-25","2017-09-26","2017-09-27",2,7,4
1149,787,4,"2017-09-27","2017-09-30","2017-09-30",2,7,3
1150,1183,4,"2017-09-28","2017-10-01","2017-09-30",2,7,3
1151,708,4,"2017-09-29","2017-09-30","2017-09-30",1,3,2
1152,1244,4,"2017-09-29","2017-10-02","2017-10-01",2,6,2
1153,720,4,"2017-09-30","2017-10-03","2017-10-03",2,7,3
1154,789,4,"2017-09-30","2017-10-03","2017-10-03",2,7,3
1155,865,4,"2017-09-30","2017-10-01","2017-10-01",2,7,2
1156,869,4,"2017-09-30","2017-10-03","2017-10-03",2,7,2
1157,24,4,"2017-10-01","2017-10-03","2017-10-04",1,3,4
1158,889,4,"2017-10-01","2017-10-03","2017-10-02",1,2,3
1159,1221,4,"2017-10-01","2017-10-02","2017-10-03",1,3,3
1160,1262,4,"2017-10-01","2017-10-02","2017-10-04",1,2,4
1161,41,4,"2017-10-01","2017-10-04","2017-10-02",2,7,2
1162,888,4,"2017-10-01","2017-10-03","2017-10-03",2,6,2
1163,934,4,"2017-10-01","2017-10-02","2017-10-02",2,6,2
1164,1067,4,"2017-10-01","2017-10-02","2017-10-03",2,6,2
1165,652,4,"2017-10-02","2017-10-03","2017-10-05",2,7,1
1166,286,4,"2017-10-03","2017-10-04","2017-10-04",2,7,2
1167,900,4,"2017-10-04","2017-10-07","2017-10-06",1,2,3
1168,1031,4,"2017-10-04","2017-10-05","2017-10-06",2,6,2
1169,1421,4,"2017-10-04","2017-10-06","2017-10-07",2,7,3
1170,534,4,"2017-10-05","2017-10-07","2017-10-06",2,6,2
1171,826,4,"2017-10-05","2017-10-06","2017-10-08",2,6,3
1172,1339,4,"2017-10-07","2017-10-10","2017-10-09",2,7,2
1173,548,4,"2017-10-08","2017-10-10","2017-10-09",2,7,3
1174,1109,4,"2017-10-08","2017-10-10","2017-10-11",2,6,4
1175,292,4,"2017-10-09","2017-10-11","2017-10-12",2,6,5
1176,1111,4,"2017-10-10","2017-10-13","2017-10-11",3,9,5
1177,21,3,"2017-10-12","2017-10-12",NULL,3,9,NULL
1178,771,4,"2017-10-12","2017-10-15","2017-10-13",2,6,4
1179,1150,4,"2017-10-12","2017-10-15","2017-10-15",3,9,3
1180,1065,4,"2017-10-13","2017-10-16","2017-10-16",1,3,5
1181,1022,4,"2017-10-13","2017-10-16","2017-10-15",2,7,2
1182,1422,4,"2017-10-13","2017-10-14","2017-10-16",2,7,2
1183,216,4,"2017-10-14","2017-10-17","2017-10-17",2,6,3
1184,369,4,"2017-10-14","2017-10-15","2017-10-16",2,6,3
1185,960,4,"2017-10-14","2017-10-16","2017-10-17",2,6,2
1186,1120,4,"2017-10-14","2017-10-16","2017-10-15",2,6,2
1187,486,4,"2017-10-15","2017-10-18","2017-10-16",2,6,2
1188,647,4,"2017-10-15","2017-10-18","2017-10-17",2,7,4
1189,1090,4,"2017-10-15","2017-10-17","2017-10-18",2,6,4
1190,34,4,"2017-10-16","2017-10-19","2017-10-17",2,6,3
1191,186,4,"2017-10-17","2017-10-18","2017-10-18",2,6,3
1192,1114,4,"2017-10-17","2017-10-19","2017-10-18",2,6,2
1193,1412,4,"2017-10-17","2017-10-19","2017-10-19",2,7,2
1194,192,4,"2017-10-19","2017-10-22","2017-10-22",1,2,3
1195,229,4,"2017-10-19","2017-10-21","2017-10-21",2,7,3
1196,508,4,"2017-10-19","2017-10-21","2017-10-20",2,6,2
1197,269,4,"2017-10-21","2017-10-23","2017-10-23",2,6,2
1198,1289,4,"2017-10-22","2017-10-24","2017-10-24",2,7,1
1199,318,4,"2017-10-23","2017-10-24","2017-10-26",1,2,4
1200,48,4,"2017-10-23","2017-10-25","2017-10-26",2,6,2
1201,201,4,"2017-10-23","2017-10-24","2017-10-24",2,6,3
1202,593,4,"2017-10-24","2017-10-25","2017-10-25",2,6,4
1203,1191,4,"2017-10-25","2017-10-27","2017-10-26",2,7,2
1204,1277,4,"2017-10-25","2017-10-28","2017-10-28",2,6,2
1205,1091,4,"2017-10-26","2017-10-28","2017-10-28",1,2,3
1206,222,4,"2017-10-26","2017-10-29","2017-10-29",2,6,3
1207,1002,4,"2017-10-26","2017-10-28","2017-10-27",2,6,3
1208,1226,4,"2017-10-26","2017-10-28","2017-10-27",2,7,4
1209,1342,4,"2017-10-26","2017-10-27","2017-10-29",2,7,2
1210,730,4,"2017-10-26","2017-10-27","2017-10-29",3,8,3
1211,19,4,"2017-10-27","2017-10-28","2017-10-29",2,7,3
1212,213,4,"2017-10-27","2017-10-30","2017-10-29",2,6,2
1213,669,4,"2017-10-27","2017-10-29","2017-10-29",3,9,3
1214,783,4,"2017-10-28","2017-10-29","2017-10-29",2,6,3
1215,807,4,"2017-10-28","2017-10-31","2017-10-30",2,7,3
1216,886,4,"2017-10-28","2017-10-30","2017-10-29",2,7,4
1217,1155,4,"2017-10-28","2017-10-31","2017-10-30",2,7,2
1218,1017,4,"2017-10-30","2017-11-01","2017-10-31",1,2,3
1219,840,4,"2017-10-30","2017-11-02","2017-11-02",2,7,3
1220,803,4,"2017-10-31","2017-11-03","2017-11-03",2,6,4
1221,1290,4,"2017-10-31","2017-11-02","2017-11-01",2,7,1
1222,482,4,"2017-11-01","2017-11-04","2017-11-03",3,9,5
1223,1207,4,"2017-11-02","2017-11-03","2017-11-03",2,6,3
1224,544,4,"2017-11-03","2017-11-04","2017-11-04",2,6,4
1225,768,4,"2017-11-04","2017-11-05","2017-11-07",1,2,3
1226,226,4,"2017-11-04","2017-11-07","2017-11-06",2,7,4
1227,702,4,"2017-11-04","2017-11-07","2017-11-06",2,6,5
1228,1041,4,"2017-11-04","2017-11-06","2017-11-06",2,6,4
1229,89,4,"2017-11-05","2017-11-08","2017-11-06",1,3,4
1230,1107,4,"2017-11-05","2017-11-06","2017-11-07",2,6,3
1231,1180,4,"2017-11-05","2017-11-07","2017-11-06",2,6,3
1232,665,4,"2017-11-06","2017-11-07","2017-11-09",1,3,2
1233,462,4,"2017-11-06","2017-11-07","2017-11-08",2,6,1
1234,19,3,"2017-11-07","2017-11-07",NULL,2,6,NULL
1235,210,4,"2017-11-07","2017-11-08","2017-11-09",2,6,4
1236,243,4,"2017-11-08","2017-11-11","2017-11-09",2,7,3
1237,571,4,"2017-11-09","2017-11-12","2017-11-11",1,2,3
1238,998,4,"2017-11-09","2017-11-10","2017-11-11",2,6,2
1239,1197,4,"2017-11-09","2017-11-10","2017-11-11",2,7,2
1240,903,4,"2017-11-10","2017-11-11","2017-11-11",2,7,4
1241,1170,4,"2017-11-10","2017-11-12","2017-11-11",2,7,1
1242,303,4,"2017-11-11","2017-11-12","2017-11-12",2,6,3
1243,346,4,"2017-11-11","2017-11-13","2017-11-14",2,6,4
1244,333,4,"2017-11-12","2017-11-14","2017-11-13",2,6,3
1245,1166,4,"2017-11-13","2017-11-16","2017-11-14",2,7,3
1246,1329,4,"2017-11-13","2017-11-16","2017-11-16",2,7,3
1247,426,4,"2017-11-16","2017-11-18","2017-11-17",1,2,4
1248,1367,4,"2017-11-16","2017-11-17","2017-11-18",1,3,4
1249,545,4,"2017-11-17","2017-11-18","2017-11-20",2,6,2
1250,1188,4,"2017-11-17","2017-11-19","2017-11-18",2,6,1
1251,289,4,"2017-11-17","2017-11-19","2017-11-19",3,9,5
1252,110,4,"2017-11-18","2017-11-20","2017-11-21",1,3,3
1253,44,4,"2017-11-18","2017-11-21","2017-11-21",2,6,3
1254,1098,4,"2017-11-18","2017-11-19","2017-11-19",2,7,4
1255,375,4,"2017-11-19","2017-11-20","2017-11-21",2,6,4
1256,458,4,"2017-11-19","2017-11-20","2017-11-22",2,6,3
1257,1136,4,"2017-11-19","2017-11-22","2017-11-20",2,7,4
1258,1099,4,"2017-11-20","2017-11-21","2017-11-22",2,7,3
1259,4,3,"2017-11-21","2017-11-21",NULL,2,7,NULL
1260,1117,4,"2017-11-22","2017-11-23","2017-11-24",2,6,4
1261,435,4,"2017-11-23","2017-11-25","2017-11-24",2,7,4
1262,509,4,"2017-11-23","2017-11-26","2017-11-26",2,6,2
1263,1408,4,"2017-11-23","2017-11-26","2017-11-26",2,6,3
1264,113,4,"2017-11-24","2017-11-27","2017-11-25",2,6,5
1265,950,4,"2017-11-24","2017-11-27","2017-11-27",2,7,3
1266,387,4,"2017-11-25","2017-11-28","2017-11-27",2,6,3
1267,467,4,"2017-11-25","2017-11-26","2017-11-26",2,6,3
1268,774,4,"2017-11-26","2017-11-28","2017-11-29",1,3,3
1269,1236,4,"2017-11-26","2017-11-29","2017-11-29",2,6,3
1270,1388,4,"2017-11-26","2017-11-29","2017-11-29",2,6,3
1271,734,4,"2017-11-27","2017-11-30","2017-11-30",2,6,5
1272,935,4,"2017-11-27","2017-11-29","2017-11-30",2,6,1
1273,1268,4,"2017-11-27","2017-11-29","2017-11-29",2,6,4
1274,1364,4,"2017-11-28","2017-11-29","2017-12-01",2,7,3
1275,165,4,"2017-11-29","2017-12-01","2017-11-30",1,2,3
1276,893,4,"2017-11-30","2017-12-03","2017-12-02",2,6,4
1277,227,4,"2017-12-01","2017-12-04","2017-12-02",2,6,1
1278,980,4,"2017-12-01","2017-12-02","2017-12-04",2,7,2
1279,1014,4,"2017-12-01","2017-12-04","2017-12-03",2,6,4
1280,123,4,"2017-12-01","2017-12-03","2017-12-03",3,9,2
1281,1060,4,"2017-12-02","2017-12-05","2017-12-05",2,6,3
1282,320,4,"2017-12-03","2017-12-05","2017-12-05",2,6,3
1283,85,4,"2017-12-04","2017-12-07","2017-12-07",2,7,3
1284,128,4,"2017-12-04","2017-12-06","2017-12-07",2,7,4
1285,262,4,"2017-12-04","2017-12-07","2017-12-07",2,7,1
1286,1033,4,"2017-12-04","2017-12-07","2017-12-06",2,7,4
1287,279,4,"2017-12-07","2017-12-10","2017-12-09",1,3,3
1288,778,4,"2017-12-07","2017-12-10","2017-12-09",3,9,4
1289,1292,4,"2017-12-08","2017-12-11","2017-12-10",1,3,4
1290,967,4,"2017-12-08","2017-12-10","2017-12-10",2,6,3
1291,1284,4,"2017-12-09","2017-12-11","2017-12-12",2,6,4
1292,285,4,"2017-12-10","2017-12-13","2017-12-11",2,6,3
1293,1401,4,"2017-12-10","2017-12-12","2017-12-11",2,7,2
1294,947,4,"2017-12-11","2017-12-13","2017-12-14",1,2,2
1295,37,4,"2017-12-11","2017-12-12","2017-12-14",2,7,3
1296,231,4,"2017-12-14","2017-12-17","2017-12-15",1,3,4
1297,108,4,"2017-12-14","2017-12-17","2017-12-16",2,6,3
1298,533,4,"2017-12-14","2017-12-17","2017-12-16",3,9,2
1299,1216,4,"2017-12-15","2017-12-18","2017-12-16",1,2,3
1300,824,4,"2017-12-15","2017-12-17","2017-12-17",2,6,3
1301,1088,4,"2017-12-16","2017-12-19","2017-12-19",1,3,4
1302,322,4,"2017-12-16","2017-12-18","2017-12-19",2,7,3
1303,878,4,"2017-12-16","2017-12-19","2017-12-18",2,7,4
1304,1409,4,"2017-12-16","2017-12-17","2017-12-17",2,6,2
1305,257,4,"2017-12-17","2017-12-19","2017-12-18",2,7,5
1306,28,4,"2017-12-20","2017-12-21","2017-12-22",2,6,4
1307,1384,4,"2017-12-22","2017-12-23","2017-12-25",1,2,3
1308,713,4,"2017-12-22","2017-12-24","2017-12-24",2,7,2
1309,821,4,"2017-12-22","2017-12-25","2017-12-24",2,6,3
1310,444,4,"2017-12-24","2017-12-25","2017-12-26",1,3,4
1311,1021,4,"2017-12-24","2017-12-26","2017-12-27",2,6,2
1312,311,4,"2017-12-25","2017-12-28","2017-12-26",1,3,3
1313,1294,4,"2017-12-25","2017-12-27","2017-12-27",1,3,3
1314,1027,4,"2017-12-25","2017-12-26","2017-12-28",2,7,2
1315,931,4,"2017-12-25","2017-12-27","2017-12-28",3,9,2
1316,846,4,"2017-12-26","2017-12-29","2017-12-27",1,3,3
1317,418,4,"2017-12-27","2017-12-28","2017-12-29",1,3,4
1318,75,4,"2017-12-27","2017-12-30","2017-12-29",2,6,2
1319,604,4,"2017-12-27","2017-12-30","2017-12-30",2,6,2
1320,244,4,"2017-12-28","2017-12-30","2017-12-29",1,3,2
1321,217,4,"2017-12-30","2017-12-31","2017-12-31",1,3,3
1322,39,4,"2017-12-31","2018-01-03","2018-01-02",2,7,3
1323,273,4,"2017-12-31","2018-01-01","2018-01-01",2,6,3
1324,862,4,"2018-01-01","2018-01-04","2018-01-03",2,6,2
1325,68,4,"2018-01-01","2018-01-02","2018-01-03",3,8,4
1326,567,4,"2018-01-01","2018-01-03","2018-01-02",3,9,3
1327,1026,4,"2018-01-02","2018-01-03","2018-01-05",2,6,5
1328,1083,4,"2018-01-02","2018-01-03","2018-01-03",2,6,1
1329,443,4,"2018-01-04","2018-01-05","2018-01-06",1,3,3
1330,761,4,"2018-01-04","2018-01-05","2018-01-07",2,7,2
1331,1122,4,"2018-01-05","2018-01-06","2018-01-08",2,6,2
1332,256,4,"2018-01-06","2018-01-07","2018-01-09",2,7,2
1333,203,4,"2018-01-06","2018-01-07","2018-01-07",3,8,3
1334,425,4,"2018-01-07","2018-01-09","2018-01-10",2,6,3
1335,955,4,"2018-01-07","2018-01-08","2018-01-08",2,7,4
1336,904,4,"2018-01-09","2018-01-10","2018-01-12",1,2,3
1337,970,4,"2018-01-09","2018-01-12","2018-01-12",2,7,3
1338,905,4,"2018-01-10","2018-01-11","2018-01-13",2,6,5
1339,580,4,"2018-01-11","2018-01-14","2018-01-13",1,3,5
1340,1066,4,"2018-01-12","2018-01-13","2018-01-13",1,3,4
1341,1258,4,"2018-01-12","2018-01-13","2018-01-14",2,7,2
1342,1393,4,"2018-01-12","2018-01-13","2018-01-15",2,7,2
1343,594,4,"2018-01-13","2018-01-15","2018-01-14",2,6,3
1344,916,4,"2018-01-13","2018-01-16","2018-01-15",2,6,4
1345,1037,4,"2018-01-14","2018-01-15","2018-01-15",2,6,2
1346,136,4,"2018-01-14","2018-01-15","2018-01-15",3,8,2
1347,247,4,"2018-01-15","2018-01-18","2018-01-18",1,2,1
1348,1214,4,"2018-01-15","2018-01-17","2018-01-17",1,2,3
1349,464,4,"2018-01-15","2018-01-17","2018-01-16",2,6,5
1350,637,4,"2018-01-15","2018-01-18","2018-01-17",2,7,4
1351,1016,4,"2018-01-16","2018-01-19","2018-01-19",2,7,3
1352,1433,4,"2018-01-16","2018-01-18","2018-01-18",2,6,3
1353,502,4,"2018-01-17","2018-01-19","2018-01-18",2,6,4
1354,476,4,"2018-01-19","2018-01-20","2018-01-21",1,3,4
1355,1010,4,"2018-01-19","2018-01-21","2018-01-20",2,7,2
1356,1161,4,"2018-01-19","2018-01-21","2018-01-22",2,6,3
1357,440,4,"2018-01-20","2018-01-23","2018-01-21",2,6,3
1358,253,4,"2018-01-21","2018-01-23","2018-01-24",1,2,2
1359,1008,4,"2018-01-21","2018-01-22","2018-01-22",3,9,1
1360,71,4,"2018-01-22","2018-01-25","2018-01-24",2,6,1
1361,1084,4,"2018-01-22","2018-01-24","2018-01-23",2,7,1
1362,310,4,"2018-01-23","2018-01-24","2018-01-25",2,6,5
1363,860,4,"2018-01-24","2018-01-25","2018-01-25",2,6,4
1364,122,4,"2018-01-25","2018-01-28","2018-01-28",2,6,2
1365,689,4,"2018-01-25","2018-01-28","2018-01-27",2,7,4
1366,1441,4,"2018-01-26","2018-01-27","2018-01-28",2,6,3
1367,1118,4,"2018-01-27","2018-01-28","2018-01-28",1,3,5
1368,765,4,"2018-01-27","2018-01-28","2018-01-29",2,6,2
1369,92,4,"2018-01-28","2018-01-30","2018-01-30",2,6,3
1370,115,4,"2018-01-28","2018-01-29","2018-01-29",2,7,2
1371,937,4,"2018-01-29","2018-01-30","2018-02-01",2,7,3
1372,1013,4,"2018-01-29","2018-02-01","2018-01-30",2,6,2
1373,427,4,"2018-01-29","2018-01-31","2018-01-31",3,9,1
1374,1330,4,"2018-01-30","2018-02-01","2018-02-01",1,3,3
1375,312,4,"2018-01-30","2018-02-01","2018-02-01",3,8,2
1376,1186,4,"2018-02-01","2018-02-02","2018-02-03",1,2,2
1377,1007,4,"2018-02-01","2018-02-03","2018-02-03",2,7,2
1378,983,4,"2018-02-02","2018-02-05","2018-02-04",1,2,3
1379,1256,4,"2018-02-02","2018-02-05","2018-02-05",2,6,1
1380,818,4,"2018-02-05","2018-02-08","2018-02-08",1,3,4
1381,680,4,"2018-02-05","2018-02-06","2018-02-08",2,7,4
1382,1303,4,"2018-02-06","2018-02-09","2018-02-08",2,6,4
1383,488,4,"2018-02-07","2018-02-08","2018-02-08",1,3,2
1384,1126,4,"2018-02-08","2018-02-10","2018-02-09",2,7,4
1385,866,4,"2018-02-08","2018-02-11","2018-02-09",3,9,1
1386,1254,4,"2018-02-09","2018-02-10","2018-02-11",1,2,2
1387,11,4,"2018-02-09","2018-02-11","2018-02-11",2,7,2
1388,323,4,"2018-02-09","2018-02-12","2018-02-12",2,7,4
1389,491,4,"2018-02-11","2018-02-12","2018-02-14",2,7,4
1390,63,4,"2018-02-12","2018-02-13","2018-02-13",2,7,5
1391,914,4,"2018-02-13","2018-02-14","2018-02-14",2,7,4
1392,1187,4,"2018-02-13","2018-02-14","2018-02-14",2,6,4
1393,547,4,"2018-02-14","2018-02-15","2018-02-15",2,7,3
1394,906,4,"2018-02-14","2018-02-16","2018-02-16",3,8,3
1395,1052,4,"2018-02-15","2018-02-18","2018-02-16",1,3,2
1396,856,4,"2018-02-15","2018-02-18","2018-02-16",2,7,1
1397,920,4,"2018-02-15","2018-02-17","2018-02-16",2,6,2
1398,1383,4,"2018-02-16","2018-02-19","2018-02-19",1,3,2
1399,146,4,"2018-02-16","2018-02-18","2018-02-18",2,6,2
1400,987,4,"2018-02-17","2018-02-18","2018-02-18",2,6,2
1401,15,4,"2018-02-18","2018-02-19","2018-02-20",2,7,4
1402,1171,4,"2018-02-19","2018-02-21","2018-02-21",2,6,2
1403,452,4,"2018-02-21","2018-02-22","2018-02-22",2,7,3
1404,1240,4,"2018-02-23","2018-02-26","2018-02-24",1,3,2
1405,100,4,"2018-02-25","2018-02-28","2018-02-27",2,6,2
1406,1053,4,"2018-02-25","2018-02-27","2018-02-27",2,7,2
1407,18,3,"2018-02-26","2018-02-26",NULL,2,6,NULL
1408,1172,4,"2018-02-26","2018-02-27","2018-03-01",2,6,2
1409,21,4,"2018-02-26","2018-02-28","2018-02-28",3,8,3
1410,1005,4,"2018-02-27","2018-02-28","2018-02-28",2,7,4
1411,109,4,"2018-03-01","2018-03-02","2018-03-02",1,2,2
1412,1043,4,"2018-03-01","2018-03-02","2018-03-04",2,7,2
1413,56,4,"2018-03-01","2018-03-03","2018-03-04",3,8,2
1414,293,4,"2018-03-03","2018-03-05","2018-03-06",2,7,1
1415,839,4,"2018-03-03","2018-03-04","2018-03-05",2,7,1
1416,566,4,"2018-03-03","2018-03-04","2018-03-06",3,8,3
1417,300,4,"2018-03-04","2018-03-06","2018-03-07",1,2,3
1418,364,4,"2018-03-04","2018-03-05","2018-03-07",2,6,3
1419,474,4,"2018-03-04","2018-03-07","2018-03-07",2,6,2
1420,838,4,"2018-03-04","2018-03-05","2018-03-07",2,7,4
1421,1176,4,"2018-03-05","2018-03-07","2018-03-07",2,7,3
1422,599,4,"2018-03-05","2018-03-06","2018-03-08",3,8,4
1423,1231,4,"2018-03-06","2018-03-07","2018-03-07",1,2,2
1424,1445,4,"2018-03-07","2018-03-10","2018-03-10",1,2,3
1425,126,4,"2018-03-07","2018-03-09","2018-03-09",2,6,5
1426,938,4,"2018-03-07","2018-03-08","2018-03-10",2,6,4
1427,999,4,"2018-03-07","2018-03-08","2018-03-08",2,6,5
1428,195,4,"2018-03-08","2018-03-10","2018-03-11",2,7,2
1429,1116,4,"2018-03-08","2018-03-09","2018-03-09",2,6,3
1430,1239,4,"2018-03-10","2018-03-13","2018-03-11",2,7,3
1431,308,4,"2018-03-11","2018-03-12","2018-03-14",2,6,4
1432,483,4,"2018-03-11","2018-03-12","2018-03-14",2,6,2
1433,1142,4,"2018-03-11","2018-03-13","2018-03-12",2,7,3
1434,595,4,"2018-03-14","2018-03-16","2018-03-16",2,6,3
1435,744,4,"2018-03-14","2018-03-15","2018-03-16",2,6,3
1436,1044,4,"2018-03-14","2018-03-17","2018-03-16",2,6,3
1437,518,4,"2018-03-15","2018-03-16","2018-03-16",1,2,2
1438,263,4,"2018-03-15","2018-03-17","2018-03-16",2,6,3
1439,463,4,"2018-03-15","2018-03-16","2018-03-17",2,7,2
1440,859,4,"2018-03-15","2018-03-18","2018-03-16",3,8,2
1441,982,4,"2018-03-15","2018-03-16","2018-03-18",3,8,1
1442,478,4,"2018-03-16","2018-03-17","2018-03-17",2,7,3
1443,972,4,"2018-03-16","2018-03-17","2018-03-17",2,7,4
1444,1154,4,"2018-03-16","2018-03-17","2018-03-19",2,6,3
1445,515,4,"2018-03-17","2018-03-18","2018-03-20",2,7,4
1446,820,4,"2018-03-17","2018-03-18","2018-03-18",2,6,1
1447,1419,4,"2018-03-18","2018-03-20","2018-03-20",1,3,2
1448,228,4,"2018-03-18","2018-03-19","2018-03-21",2,6,2
1449,330,4,"2018-03-18","2018-03-19","2018-03-20",2,7,3
1450,296,4,"2018-03-19","2018-03-20","2018-03-22",2,7,2
1451,822,4,"2018-03-19","2018-03-22","2018-03-20",2,6,3
1452,287,4,"2018-03-20","2018-03-23","2018-03-23",1,3,3
1453,601,4,"2018-03-20","2018-03-23","2018-03-22",1,3,2
1454,395,4,"2018-03-20","2018-03-21","2018-03-22",2,6,3
1455,405,4,"2018-03-20","2018-03-22","2018-03-21",2,6,5
1456,754,4,"2018-03-20","2018-03-21","2018-03-23",2,7,4
1457,1411,4,"2018-03-20","2018-03-23","2018-03-23",2,6,4
1458,1029,4,"2018-03-20","2018-03-22","2018-03-21",3,8,4
1459,9,4,"2018-03-21","2018-03-22","2018-03-22",2,7,3
1460,1131,4,"2018-03-21","2018-03-23","2018-03-23",2,7,4
1461,139,4,"2018-03-22","2018-03-25","2018-03-23",2,6,2
1462,1101,4,"2018-03-22","2018-03-24","2018-03-24",2,6,1
1463,692,4,"2018-03-23","2018-03-24","2018-03-24",2,7,2
1464,1279,4,"2018-03-24","2018-03-25","2018-03-25",2,7,2
1465,623,4,"2018-03-25","2018-03-28","2018-03-28",2,7,3
1466,738,4,"2018-03-26","2018-03-29","2018-03-28",1,3,4
1467,152,4,"2018-03-26","2018-03-27","2018-03-29",2,7,3
1468,3,4,"2018-03-27","2018-03-30","2018-03-29",1,2,1
1469,1135,4,"2018-03-27","2018-03-28","2018-03-30",3,8,3
1470,505,4,"2018-03-28","2018-03-31","2018-03-31",2,7,5
1471,1310,4,"2018-03-28","2018-03-30","2018-03-29",2,7,3
1472,114,4,"2018-03-29","2018-03-30","2018-03-31",2,6,5
1473,302,4,"2018-03-30","2018-04-01","2018-04-02",1,2,3
1474,816,4,"2018-03-30","2018-04-01","2018-04-02",1,3,3
1475,112,4,"2018-03-30","2018-04-01","2018-03-31",2,6,3
1476,35,4,"2018-03-31","2018-04-01","2018-04-01",2,7,3
1477,180,4,"2018-03-31","2018-04-03","2018-04-01",2,6,2
1478,392,4,"2018-03-31","2018-04-02","2018-04-02",2,6,3
1479,23,2,"2018-04-01","2018-04-01",NULL,2,7,NULL
1480,27,2,"2018-04-01","2018-04-01",NULL,2,7,NULL
1481,62,1,"2018-04-01","2018-04-01",NULL,2,6,NULL
1482,94,1,"2018-04-01","2018-04-01",NULL,2,7,NULL
1483,15,1,"2018-04-02","2018-04-02",NULL,2,7,NULL
1484,35,2,"2018-04-02","2018-04-02",NULL,2,6,NULL
1485,51,2,"2018-04-02","2018-04-02",NULL,2,7,NULL
1486,84,2,"2018-04-02","2018-04-02",NULL,2,7,NULL
1487,33,1,"2018-04-03","2018-04-03",NULL,1,3,NULL
1488,181,2,"2018-04-03","2018-04-03",NULL,1,3,NULL
1489,194,1,"2018-04-03","2018-04-03",NULL,1,3,NULL
1490,217,2,"2018-04-03","2018-04-03",NULL,1,3,NULL
1491,82,1,"2018-04-04","2018-04-04",NULL,1,3,NULL
1492,41,1,"2018-04-04","2018-04-04",NULL,2,7,NULL
1493,64,2,"2018-04-04","2018-04-04",NULL,3,8,NULL
1494,69,2,"2018-04-05","2018-04-05",NULL,1,3,NULL
1495,86,2,"2018-04-05","2018-04-05",NULL,2,7,NULL
1496,3,1,"2018-04-06","2018-04-06",NULL,1,3,NULL
1497,31,2,"2018-04-06","2018-04-06",NULL,1,2,NULL
1498,81,1,"2018-04-06","2018-04-06",NULL,1,2,NULL
1499,120,2,"2018-04-06","2018-04-06",NULL,1,2,NULL
1500,151,2,"2018-04-06","2018-04-06",NULL,1,3,NULL
1501,52,1,"2018-04-06","2018-04-06",NULL,2,6,NULL
1502,83,2,"2018-04-06","2018-04-06",NULL,2,6,NULL
1503,208,2,"2018-04-07","2018-04-07",NULL,1,3,NULL
1504,237,2,"2018-04-08","2018-04-08",NULL,1,2,NULL
1505,22,1,"2018-04-08","2018-04-08",NULL,2,7,NULL
1506,75,1,"2018-04-08","2018-04-08",NULL,2,7,NULL
1507,85,2,"2018-04-08","2018-04-08",NULL,2,6,NULL
1508,92,2,"2018-04-08","2018-04-08",NULL,2,6,NULL
1509,2,1,"2018-04-09","2018-04-09",NULL,1,3,NULL
1510,16,2,"2018-04-09","2018-04-09",NULL,2,6,NULL
1511,25,1,"2018-04-09","2018-04-09",NULL,2,6,NULL
1512,68,1,"2018-04-09","2018-04-09",NULL,3,9,NULL
1513,32,2,"2018-04-10","2018-04-10",NULL,1,2,NULL
1514,87,2,"2018-04-10","2018-04-10",NULL,1,3,NULL
1515,61,1,"2018-04-10","2018-04-10",NULL,3,9,NULL
1516,47,2,"2018-04-11","2018-04-11",NULL,1,3,NULL
1517,97,1,"2018-04-11","2018-04-11",NULL,1,2,NULL
1518,175,1,"2018-04-11","2018-04-11",NULL,1,2,NULL
1519,26,2,"2018-04-11","2018-04-11",NULL,2,7,NULL
1520,66,2,"2018-04-11","2018-04-11",NULL,3,8,NULL
1521,53,1,"2018-04-12","2018-04-12",NULL,1,3,NULL
1522,78,1,"2018-04-12","2018-04-12",NULL,1,3,NULL
1523,8,1,"2018-04-12","2018-04-12",NULL,2,7,NULL
1524,37,1,"2018-04-12","2018-04-12",NULL,2,6,NULL
1525,38,2,"2018-04-12","2018-04-12",NULL,2,7,NULL
1526,59,2,"2018-04-12","2018-04-12",NULL,2,7,NULL
1527,13,2,"2018-04-12","2018-04-12",NULL,3,9,NULL
1528,20,1,"2018-04-12","2018-04-12",NULL,3,8,NULL
1529,50,1,"2018-04-12","2018-04-12",NULL,3,8,NULL
1530,110,1,"2018-04-13","2018-04-13",NULL,1,2,NULL
1531,233,1,"2018-04-13","2018-04-13",NULL,1,2,NULL
1532,7,2,"2018-04-13","2018-04-13",NULL,2,7,NULL
1533,28,2,"2018-04-13","2018-04-13",NULL,2,6,NULL
1534,18,2,"2018-04-14","2018-04-14",NULL,2,7,NULL
1535,19,2,"2018-04-14","2018-04-14",NULL,2,7,NULL
1536,34,2,"2018-04-14","2018-04-14",NULL,2,7,NULL
1537,36,1,"2018-04-15","2018-04-15",NULL,2,6,NULL
1538,79,2,"2018-04-15","2018-04-15",NULL,2,6,NULL
1539,116,1,"2018-04-15","2018-04-15",NULL,3,9,NULL
1540,187,1,"2018-04-16","2018-04-16",NULL,1,2,NULL
1541,10,2,"2018-04-16","2018-04-16",NULL,2,7,NULL
1542,58,2,"2018-04-16","2018-04-16",NULL,2,6,NULL
1543,76,1,"2018-04-16","2018-04-16",NULL,2,6,NULL
1544,5,1,"2018-04-17","2018-04-17",NULL,1,2,NULL
1545,67,1,"2018-04-17","2018-04-17",NULL,1,3,NULL
1546,91,2,"2018-04-17","2018-04-17",NULL,1,3,NULL
1547,169,1,"2018-04-17","2018-04-17",NULL,1,3,NULL
1548,170,1,"2018-04-17","2018-04-17",NULL,1,2,NULL
1549,17,1,"2018-04-17","2018-04-17",NULL,2,7,NULL
1550,39,1,"2018-04-17","2018-04-17",NULL,2,6,NULL
1551,70,1,"2018-04-17","2018-04-17",NULL,2,7,NULL
1552,73,1,"2018-04-17","2018-04-17",NULL,2,7,NULL
1553,30,2,"2018-04-18","2018-04-18",NULL,1,3,NULL
1554,172,1,"2018-04-18","2018-04-18",NULL,1,3,NULL
1555,1,1,"2018-04-18","2018-04-18",NULL,2,7,NULL
1556,4,2,"2018-04-18","2018-04-18",NULL,2,6,NULL
1557,121,2,"2018-04-19","2018-04-19",NULL,1,3,NULL
1558,63,1,"2018-04-19","2018-04-19",NULL,2,6,NULL
1559,42,2,"2018-04-20","2018-04-20",NULL,2,6,NULL
1560,57,1,"2018-04-20","2018-04-20",NULL,2,7,NULL
1561,65,2,"2018-04-20","2018-04-20",NULL,2,7,NULL
1562,88,1,"2018-04-20","2018-04-20",NULL,2,7,NULL
1563,77,2,"2018-04-20","2018-04-20",NULL,3,9,NULL
1564,46,1,"2018-04-21","2018-04-21",NULL,1,3,NULL
1565,60,2,"2018-04-21","2018-04-21",NULL,1,2,NULL
1566,72,1,"2018-04-21","2018-04-21",NULL,1,3,NULL
1567,89,2,"2018-04-21","2018-04-21",NULL,1,2,NULL
1568,192,2,"2018-04-21","2018-04-21",NULL,1,3,NULL
1569,29,2,"2018-04-22","2018-04-22",NULL,2,7,NULL
1570,54,2,"2018-04-22","2018-04-22",NULL,2,7,NULL
1571,80,1,"2018-04-22","2018-04-22",NULL,2,7,NULL
1572,14,1,"2018-04-22","2018-04-22",NULL,3,9,NULL
1573,24,2,"2018-04-23","2018-04-23",NULL,1,2,NULL
1574,124,1,"2018-04-23","2018-04-23",NULL,1,2,NULL
1575,224,2,"2018-04-23","2018-04-23",NULL,1,3,NULL
1576,12,2,"2018-04-23","2018-04-23",NULL,2,7,NULL
1577,48,1,"2018-04-23","2018-04-23",NULL,2,7,NULL
1578,93,2,"2018-04-23","2018-04-23",NULL,2,7,NULL
1579,104,2,"2018-04-24","2018-04-24",NULL,1,2,NULL
1580,191,2,"2018-04-24","2018-04-24",NULL,1,2,NULL
1581,188,2,"2018-04-25","2018-04-25",NULL,1,2,NULL
1582,240,1,"2018-04-25","2018-04-25",NULL,1,3,NULL
1583,44,1,"2018-04-25","2018-04-25",NULL,2,6,NULL
1584,109,2,"2018-04-26","2018-04-26",NULL,1,3,NULL
1585,157,1,"2018-04-26","2018-04-26",NULL,1,3,NULL
1586,176,1,"2018-04-26","2018-04-26",NULL,1,2,NULL
1587,231,2,"2018-04-26","2018-04-26",NULL,1,2,NULL
1588,11,1,"2018-04-26","2018-04-26",NULL,2,6,NULL
1589,40,2,"2018-04-27","2018-04-27",NULL,1,3,NULL
1590,138,1,"2018-04-27","2018-04-27",NULL,1,3,NULL
1591,165,2,"2018-04-27","2018-04-27",NULL,1,2,NULL
1592,6,2,"2018-04-27","2018-04-27",NULL,2,7,NULL
1593,9,1,"2018-04-27","2018-04-27",NULL,2,6,NULL
1594,45,1,"2018-04-28","2018-04-28",NULL,2,7,NULL
1595,71,2,"2018-04-28","2018-04-28",NULL,2,7,NULL
1596,21,2,"2018-04-28","2018-04-28",NULL,3,8,NULL
1597,56,1,"2018-04-28","2018-04-28",NULL,3,9,NULL
1598,239,2,"2018-04-29","2018-04-29",NULL,1,3,NULL
1599,49,1,"2018-04-29","2018-04-29",NULL,2,7,NULL
1600,90,1,"2018-04-29","2018-04-29",NULL,2,6,NULL
1601,43,1,"2018-04-29","2018-04-29",NULL,3,8,NULL
1602,55,1,"2018-04-30","2018-04-30",NULL,2,6,NULL
1603,74,2,"2018-04-30","2018-04-30",NULL,2,6,NULL
1604,7,3,"2018-06-17","2018-06-17",NULL,2,7,NULL
1605,123,3,"2018-07-01","2018-07-01",NULL,3,8,NULL
1606,119,3,"2018-07-10","2018-07-10",NULL,3,8,NULL
1607,33,3,"2018-07-11","2018-07-11",NULL,1,2,NULL
1608,53,3,"2018-07-12","2018-07-12",NULL,1,2,NULL
1609,10,3,"2018-08-23","2018-08-23",NULL,2,7,NULL
1610,15,3,"2018-08-25","2018-08-25",NULL,2,7,NULL
1611,6,3,"2018-09-06","2018-09-06",NULL,2,7,NULL
1612,3,3,"2018-10-21","2018-10-21",NULL,1,3,NULL
1613,1,3,"2018-11-18","2018-11-18",NULL,2,6,NULL
1614,135,3,"2018-11-28","2018-11-28",NULL,3,8,NULL
1615,136,3,"2018-12-28","2018-12-28",NULL,3,8,NULL
